"Date","Price","Open","High","Low","Vol.","Change %"
"2024/08/08","1.0918","1.0928","1.0945","1.0882","","-0.09%"
"2024/08/07","1.0927","1.0926","1.0936","1.0905","","-0.02%"
"2024/08/06","1.0930","1.0953","1.0964","1.0903","","-0.20%"
"2024/08/05","1.0952","1.0922","1.1008","1.0892","","0.40%"
"2024/08/02","1.0908","1.0789","1.0927","1.0782","","1.08%"
"2024/08/01","1.0791","1.0826","1.0836","1.0776","","-0.31%"
"2024/07/31","1.0825","1.0816","1.0850","1.0802","","0.09%"
"2024/07/30","1.0815","1.0821","1.0837","1.0797","","-0.04%"
"2024/07/29","1.0819","1.0864","1.0870","1.0803","","-0.35%"
"2024/07/26","1.0857","1.0847","1.0869","1.0841","","0.12%"
"2024/07/25","1.0844","1.0840","1.0870","1.0827","","0.05%"
"2024/07/24","1.0839","1.0854","1.0868","1.0826","","-0.11%"
"2024/07/23","1.0851","1.0892","1.0898","1.0843","","-0.35%"
"2024/07/22","1.0889","1.0881","1.0904","1.0872","","0.11%"
"2024/07/19","1.0877","1.0901","1.0903","1.0876","","-0.17%"
"2024/07/18","1.0896","1.0938","1.0941","1.0893","","-0.37%"
"2024/07/17","1.0937","1.0899","1.0948","1.0895","","0.37%"
"2024/07/16","1.0897","1.0895","1.0906","1.0871","","0.03%"
"2024/07/15","1.0894","1.0887","1.0923","1.0883","","-0.11%"
"2024/07/12","1.0906","1.0866","1.0912","1.0861","","0.38%"
"2024/07/11","1.0865","1.0831","1.0901","1.0826","","0.32%"
"2024/07/10","1.0830","1.0813","1.0832","1.0811","","0.17%"
"2024/07/09","1.0812","1.0829","1.0834","1.0805","","-0.09%"
"2024/07/08","1.0822","1.0809","1.0846","1.0802","","-0.13%"
"2024/07/05","1.0836","1.0812","1.0843","1.0809","","0.24%"
"2024/07/04","1.0810","1.0786","1.0814","1.0783","","0.22%"
"2024/07/03","1.0786","1.0743","1.0818","1.0735","","0.39%"
"2024/07/02","1.0744","1.0741","1.0748","1.0709","","0.06%"
"2024/07/01","1.0738","1.0728","1.0777","1.0719","","0.23%"
"2024/06/28","1.0713","1.0703","1.0726","1.0684","","0.10%"
"2024/06/27","1.0702","1.0680","1.0727","1.0676","","0.22%"
"2024/06/26","1.0679","1.0713","1.0718","1.0666","","-0.32%"
"2024/06/25","1.0713","1.0735","1.0745","1.0690","","-0.18%"
"2024/06/24","1.0732","1.0688","1.0747","1.0683","","0.38%"
"2024/06/21","1.0691","1.0702","1.0721","1.0670","","-0.08%"
"2024/06/20","1.0700","1.0745","1.0749","1.0702","","-0.39%"
"2024/06/19","1.0742","1.0740","1.0754","1.0724","","0.04%"
"2024/06/18","1.0738","1.0734","1.0762","1.0709","","0.04%"
"2024/06/17","1.0734","1.0702","1.0739","1.0686","","0.32%"
"2024/06/14","1.0700","1.0737","1.0746","1.0668","","-0.33%"
"2024/06/13","1.0735","1.0809","1.0817","1.0733","","-0.67%"
"2024/06/12","1.0807","1.0742","1.0853","1.0734","","0.63%"
"2024/06/11","1.0739","1.0765","1.0775","1.0719","","-0.22%"
"2024/06/10","1.0763","1.0797","1.0797","1.0732","","-0.34%"
"2024/06/07","1.0800","1.0890","1.0903","1.0799","","-0.81%"
"2024/06/06","1.0888","1.0869","1.0903","1.0862","","0.18%"
"2024/06/05","1.0868","1.0879","1.0892","1.0854","","-0.09%"
"2024/06/04","1.0878","1.0904","1.0917","1.0859","","-0.22%"
"2024/06/03","1.0902","1.0851","1.0905","1.0826","","0.56%"
"2024/05/31","1.0841","1.0832","1.0883","1.0811","","0.08%"
"2024/05/30","1.0832","1.0802","1.0846","1.0788","","0.30%"
"2024/05/29","1.0800","1.0857","1.0861","1.0799","","-0.51%"
"2024/05/28","1.0855","1.0860","1.0890","1.0853","","-0.03%"
"2024/05/27","1.0858","1.0854","1.0868","1.0841","","0.12%"
"2024/05/24","1.0845","1.0814","1.0859","1.0805","","0.30%"
"2024/05/23","1.0813","1.0824","1.0862","1.0805","","-0.07%"
"2024/05/22","1.0821","1.0855","1.0864","1.0817","","-0.30%"
"2024/05/21","1.0854","1.0859","1.0876","1.0842","","-0.01%"
"2024/05/20","1.0855","1.0866","1.0885","1.0854","","-0.14%"
"2024/05/17","1.0870","1.0866","1.0879","1.0835","","0.05%"
"2024/05/16","1.0865","1.0885","1.0896","1.0854","","-0.16%"
"2024/05/15","1.0882","1.0819","1.0886","1.0812","","0.59%"
"2024/05/14","1.0818","1.0788","1.0826","1.0767","","0.28%"
"2024/05/13","1.0788","1.0774","1.0807","1.0766","","0.18%"
"2024/05/10","1.0769","1.0782","1.0790","1.0760","","-0.11%"
"2024/05/09","1.0781","1.0751","1.0785","1.0724","","0.34%"
"2024/05/08","1.0745","1.0754","1.0758","1.0734","","-0.07%"
"2024/05/07","1.0752","1.0770","1.0788","1.0747","","-0.15%"
"2024/05/06","1.0768","1.0762","1.0791","1.0754","","0.09%"
"2024/05/03","1.0758","1.0727","1.0813","1.0724","","0.31%"
"2024/05/02","1.0725","1.0711","1.0731","1.0674","","0.15%"
"2024/05/01","1.0709","1.0664","1.0733","1.0649","","0.41%"
"2024/04/30","1.0665","1.0724","1.0736","1.0664","","-0.50%"
"2024/04/29","1.0719","1.0695","1.0734","1.0690","","0.25%"
"2024/04/26","1.0692","1.0732","1.0754","1.0674","","-0.34%"
"2024/04/25","1.0729","1.0699","1.0740","1.0678","","0.30%"
"2024/04/24","1.0697","1.0703","1.0715","1.0677","","-0.02%"
"2024/04/23","1.0699","1.0655","1.0712","1.0638","","0.42%"
"2024/04/22","1.0654","1.0656","1.0671","1.0623","","0.00%"
"2024/04/19","1.0654","1.0645","1.0678","1.0610","","0.10%"
"2024/04/18","1.0643","1.0672","1.0690","1.0641","","-0.26%"
"2024/04/17","1.0671","1.0619","1.0680","1.0605","","0.51%"
"2024/04/16","1.0617","1.0624","1.0654","1.0601","","-0.05%"
"2024/04/15","1.0622","1.0637","1.0666","1.0619","","-0.19%"
"2024/04/12","1.0642","1.0726","1.0731","1.0622","","-0.76%"
"2024/04/11","1.0724","1.0743","1.0757","1.0698","","-0.17%"
"2024/04/10","1.0742","1.0857","1.0868","1.0728","","-1.04%"
"2024/04/09","1.0855","1.0859","1.0886","1.0847","","-0.03%"
"2024/04/08","1.0858","1.0843","1.0863","1.0820","","0.21%"
"2024/04/05","1.0835","1.0836","1.0848","1.0791","","0.00%"
"2024/04/04","1.0835","1.0833","1.0877","1.0832","","0.00%"
"2024/04/03","1.0835","1.0772","1.0838","1.0763","","0.62%"
"2024/04/02","1.0768","1.0743","1.0780","1.0724","","0.23%"
"2024/04/01","1.0743","1.0788","1.0799","1.0731","","-0.46%"
"2024/03/29","1.0793","1.0790","1.0806","1.0767","","0.06%"
"2024/03/28","1.0787","1.0827","1.0828","1.0774","","-0.36%"
"2024/03/27","1.0826","1.0832","1.0840","1.0810","","-0.04%"
"2024/03/26","1.0830","1.0838","1.0865","1.0824","","-0.06%"
"2024/03/25","1.0836","1.0808","1.0843","1.0802","","0.29%"
"2024/03/22","1.0805","1.0860","1.0869","1.0802","","-0.51%"
"2024/03/21","1.0860","1.0921","1.0943","1.0855","","-0.53%"
"2024/03/20","1.0918","1.0864","1.0924","1.0836","","0.49%"
"2024/03/19","1.0865","1.0873","1.0877","1.0834","","-0.06%"
"2024/03/18","1.0871","1.0893","1.0906","1.0865","","-0.15%"
"2024/03/15","1.0887","1.0883","1.0900","1.0872","","0.06%"
"2024/03/14","1.0881","1.0950","1.0955","1.0880","","-0.59%"
"2024/03/13","1.0946","1.0926","1.0964","1.0920","","0.20%"
"2024/03/12","1.0924","1.0925","1.0946","1.0899","","-0.02%"
"2024/03/11","1.0926","1.0944","1.0948","1.0914","","-0.10%"
"2024/03/08","1.0937","1.0948","1.0982","1.0919","","-0.08%"
"2024/03/07","1.0946","1.0897","1.0950","1.0868","","0.45%"
"2024/03/06","1.0897","1.0859","1.0916","1.0841","","0.39%"
"2024/03/05","1.0855","1.0855","1.0877","1.0840","","0.01%"
"2024/03/04","1.0854","1.0842","1.0868","1.0838","","0.16%"
"2024/03/01","1.0837","1.0804","1.0844","1.0797","","0.31%"
"2024/02/29","1.0803","1.0836","1.0857","1.0795","","-0.30%"
"2024/02/28","1.0836","1.0844","1.0848","1.0796","","-0.07%"
"2024/02/27","1.0844","1.0850","1.0867","1.0832","","-0.03%"
"2024/02/26","1.0847","1.0826","1.0861","1.0812","","0.27%"
"2024/02/23","1.0818","1.0824","1.0841","1.0812","","-0.05%"
"2024/02/22","1.0823","1.0816","1.0889","1.0802","","0.06%"
"2024/02/21","1.0817","1.0807","1.0825","1.0790","","0.13%"
"2024/02/20","1.0803","1.0779","1.0840","1.0761","","0.24%"
"2024/02/19","1.0777","1.0776","1.0790","1.0761","","0.03%"
"2024/02/16","1.0774","1.0770","1.0788","1.0732","","0.03%"
"2024/02/15","1.0771","1.0727","1.0785","1.0725","","0.43%"
"2024/02/14","1.0725","1.0710","1.0735","1.0695","","0.15%"
"2024/02/13","1.0709","1.0772","1.0796","1.0700","","-0.58%"
"2024/02/12","1.0771","1.0781","1.0806","1.0755","","-0.10%"
"2024/02/09","1.0782","1.0779","1.0796","1.0761","","0.06%"
"2024/02/08","1.0776","1.0772","1.0790","1.0741","","0.05%"
"2024/02/07","1.0771","1.0755","1.0784","1.0753","","0.16%"
"2024/02/06","1.0754","1.0743","1.0763","1.0723","","0.12%"
"2024/02/05","1.0741","1.0784","1.0787","1.0723","","-0.40%"
"2024/02/02","1.0784","1.0873","1.0898","1.0780","","-0.81%"
"2024/02/01","1.0872","1.0814","1.0876","1.0779","","0.52%"
"2024/01/31","1.0816","1.0844","1.0889","1.0795","","-0.22%"
"2024/01/30","1.0840","1.0833","1.0857","1.0811","","0.06%"
"2024/01/29","1.0833","1.0849","1.0850","1.0796","","-0.18%"
"2024/01/26","1.0852","1.0843","1.0885","1.0812","","0.06%"
"2024/01/25","1.0846","1.0885","1.0903","1.0821","","-0.34%"
"2024/01/24","1.0883","1.0854","1.0933","1.0845","","0.29%"
"2024/01/23","1.0851","1.0883","1.0917","1.0821","","-0.28%"
"2024/01/22","1.0881","1.0891","1.0911","1.0879","","-0.15%"
"2024/01/19","1.0897","1.0876","1.0898","1.0865","","0.21%"
"2024/01/18","1.0874","1.0882","1.0907","1.0846","","-0.06%"
"2024/01/17","1.0881","1.0874","1.0885","1.0844","","0.06%"
"2024/01/16","1.0874","1.0950","1.0952","1.0862","","-0.68%"
"2024/01/15","1.0948","1.0955","1.0969","1.0933","","-0.01%"
"2024/01/12","1.0949","1.0974","1.0987","1.0935","","-0.19%"
"2024/01/11","1.0970","1.0973","1.0991","1.0929","","-0.01%"
"2024/01/10","1.0971","1.0931","1.0974","1.0922","","0.37%"
"2024/01/09","1.0931","1.0952","1.0967","1.0910","","-0.16%"
"2024/01/08","1.0949","1.0946","1.0979","1.0922","","0.07%"
"2024/01/05","1.0941","1.0947","1.0999","1.0876","","-0.02%"
"2024/01/04","1.0943","1.0921","1.0973","1.0915","","0.20%"
"2024/01/03","1.0921","1.0943","1.0966","1.0892","","-0.24%"
"2024/01/02","1.0947","1.1044","1.1046","1.0938","","-0.88%"
"2024/01/01","1.1044","1.1044","1.1048","1.1036","","0.07%"
"2023/12/29","1.1036","1.1061","1.1085","1.1034","","-0.21%"
"2023/12/28","1.1059","1.1107","1.1141","1.1055","","-0.40%"
"2023/12/27","1.1103","1.1043","1.1123","1.1028","","0.55%"
"2023/12/26","1.1042","1.1010","1.1046","1.1008","","0.32%"
"2023/12/25","1.1007","1.1017","1.1022","1.0993","","-0.03%"
"2023/12/22","1.1010","1.1010","1.1041","1.0993","","0.02%"
"2023/12/21","1.1008","1.0941","1.1013","1.0934","","0.64%"
"2023/12/20","1.0938","1.0980","1.0985","1.0929","","-0.38%"
"2023/12/19","1.0980","1.0924","1.0988","1.0914","","0.53%"
"2023/12/18","1.0922","1.0903","1.0932","1.0891","","0.26%"
"2023/12/15","1.0894","1.0994","1.1005","1.0889","","-0.88%"
"2023/12/14","1.0991","1.0874","1.1010","1.0872","","1.09%"
"2023/12/13","1.0873","1.0793","1.0898","1.0773","","0.75%"
"2023/12/12","1.0792","1.0762","1.0829","1.0759","","0.29%"
"2023/12/11","1.0761","1.0762","1.0780","1.0741","","0.00%"
"2023/12/08","1.0761","1.0794","1.0802","1.0723","","-0.29%"
"2023/12/07","1.0792","1.0769","1.0818","1.0755","","0.28%"
"2023/12/06","1.0762","1.0793","1.0805","1.0759","","-0.31%"
"2023/12/05","1.0795","1.0836","1.0848","1.0777","","-0.38%"
"2023/12/04","1.0836","1.0887","1.0896","1.0804","","-0.41%"
"2023/12/01","1.0881","1.0887","1.0913","1.0828","","-0.05%"
"2023/11/30","1.0886","1.0971","1.0985","1.0878","","-0.75%"
"2023/11/29","1.0968","1.0992","1.1018","1.0960","","-0.20%"
"2023/11/28","1.0990","1.0954","1.1010","1.0934","","0.34%"
"2023/11/27","1.0953","1.0937","1.0960","1.0925","","0.13%"
"2023/11/24","1.0939","1.0905","1.0949","1.0895","","0.32%"
"2023/11/23","1.0904","1.0888","1.0932","1.0884","","0.16%"
"2023/11/22","1.0887","1.0911","1.0924","1.0852","","-0.20%"
"2023/11/21","1.0909","1.0940","1.0965","1.0899","","-0.27%"
"2023/11/20","1.0938","1.0913","1.0953","1.0897","","0.28%"
"2023/11/17","1.0907","1.0848","1.0917","1.0825","","0.53%"
"2023/11/16","1.0850","1.0847","1.0897","1.0829","","0.04%"
"2023/11/15","1.0846","1.0879","1.0886","1.0831","","-0.30%"
"2023/11/14","1.0879","1.0698","1.0889","1.0692","","1.70%"
"2023/11/13","1.0697","1.0684","1.0706","1.0664","","0.15%"
"2023/11/10","1.0681","1.0668","1.0694","1.0655","","0.14%"
"2023/11/09","1.0666","1.0707","1.0726","1.0660","","-0.38%"
"2023/11/08","1.0707","1.0699","1.0717","1.0659","","0.07%"
"2023/11/07","1.0699","1.0717","1.0724","1.0663","","-0.15%"
"2023/11/06","1.0715","1.0729","1.0757","1.0716","","-0.13%"
"2023/11/03","1.0729","1.0623","1.0747","1.0615","","1.03%"
"2023/11/02","1.0620","1.0569","1.0668","1.0566","","0.49%"
"2023/11/01","1.0568","1.0574","1.0582","1.0517","","-0.08%"
"2023/10/31","1.0576","1.0616","1.0675","1.0555","","-0.35%"
"2023/10/30","1.0613","1.0566","1.0626","1.0546","","0.46%"
"2023/10/27","1.0564","1.0558","1.0598","1.0535","","0.04%"
"2023/10/26","1.0560","1.0570","1.0575","1.0522","","-0.03%"
"2023/10/25","1.0563","1.0591","1.0608","1.0565","","-0.24%"
"2023/10/24","1.0588","1.0669","1.0695","1.0582","","-0.75%"
"2023/10/23","1.0668","1.0594","1.0678","1.0570","","0.71%"
"2023/10/20","1.0593","1.0586","1.0604","1.0564","","0.13%"
"2023/10/19","1.0579","1.0535","1.0618","1.0527","","0.42%"
"2023/10/18","1.0535","1.0575","1.0595","1.0523","","-0.38%"
"2023/10/17","1.0575","1.0560","1.0596","1.0532","","0.16%"
"2023/10/16","1.0558","1.0507","1.0563","1.0507","","0.47%"
"2023/10/13","1.0509","1.0527","1.0560","1.0495","","-0.16%"
"2023/10/12","1.0526","1.0622","1.0640","1.0525","","-0.86%"
"2023/10/11","1.0617","1.0605","1.0635","1.0580","","0.13%"
"2023/10/10","1.0603","1.0567","1.0620","1.0554","","0.36%"
"2023/10/09","1.0565","1.0563","1.0575","1.0519","","-0.20%"
"2023/10/06","1.0586","1.0550","1.0601","1.0482","","0.36%"
"2023/10/05","1.0548","1.0509","1.0553","1.0500","","0.43%"
"2023/10/04","1.0503","1.0470","1.0533","1.0451","","0.36%"
"2023/10/03","1.0465","1.0477","1.0495","1.0448","","-0.11%"
"2023/10/02","1.0476","1.0568","1.0592","1.0476","","-0.89%"
"2023/09/29","1.0570","1.0566","1.0618","1.0558","","0.10%"
"2023/09/28","1.0559","1.0503","1.0580","1.0490","","0.56%"
"2023/09/27","1.0500","1.0569","1.0575","1.0488","","-0.66%"
"2023/09/26","1.0570","1.0593","1.0611","1.0561","","-0.19%"
"2023/09/25","1.0590","1.0655","1.0656","1.0574","","-0.58%"
"2023/09/22","1.0652","1.0660","1.0673","1.0614","","-0.06%"
"2023/09/21","1.0658","1.0660","1.0675","1.0617","","-0.01%"
"2023/09/20","1.0659","1.0682","1.0738","1.0649","","-0.17%"
"2023/09/19","1.0677","1.0687","1.0718","1.0674","","-0.12%"
"2023/09/18","1.0690","1.0663","1.0699","1.0654","","0.33%"
"2023/09/15","1.0655","1.0639","1.0689","1.0632","","0.13%"
"2023/09/14","1.0641","1.0729","1.0753","1.0631","","-0.81%"
"2023/09/13","1.0728","1.0754","1.0766","1.0711","","-0.22%"
"2023/09/12","1.0752","1.0751","1.0769","1.0705","","0.04%"
"2023/09/11","1.0748","1.0716","1.0760","1.0707","","0.46%"
"2023/09/08","1.0699","1.0697","1.0745","1.0694","","0.00%"
"2023/09/07","1.0699","1.0726","1.0733","1.0686","","-0.26%"
"2023/09/06","1.0727","1.0729","1.0749","1.0703","","0.07%"
"2023/09/05","1.0720","1.0797","1.0799","1.0706","","-0.69%"
"2023/09/04","1.0794","1.0777","1.0810","1.0771","","0.19%"
"2023/09/01","1.0773","1.0840","1.0883","1.0771","","-0.63%"
"2023/08/31","1.0841","1.0926","1.0941","1.0834","","-0.76%"
"2023/08/30","1.0924","1.0879","1.0947","1.0855","","0.43%"
"2023/08/29","1.0877","1.0814","1.0892","1.0782","","0.55%"
"2023/08/28","1.0817","1.0801","1.0823","1.0793","","0.16%"
"2023/08/25","1.0800","1.0810","1.0842","1.0766","","-0.08%"
"2023/08/24","1.0809","1.0863","1.0877","1.0805","","-0.46%"
"2023/08/23","1.0859","1.0848","1.0872","1.0802","","0.14%"
"2023/08/22","1.0844","1.0893","1.0932","1.0833","","-0.43%"
"2023/08/21","1.0891","1.0878","1.0914","1.0869","","0.24%"
"2023/08/18","1.0865","1.0872","1.0895","1.0845","","-0.06%"
"2023/08/17","1.0871","1.0876","1.0919","1.0855","","-0.03%"
"2023/08/16","1.0874","1.0907","1.0935","1.0871","","-0.28%"
"2023/08/15","1.0904","1.0906","1.0954","1.0897","","0.00%"
"2023/08/14","1.0904","1.0953","1.0961","1.0874","","-0.37%"
"2023/08/11","1.0944","1.0981","1.1006","1.0942","","-0.32%"
"2023/08/10","1.0979","1.0975","1.1065","1.0967","","0.05%"
"2023/08/09","1.0973","1.0953","1.0996","1.0951","","0.17%"
"2023/08/08","1.0954","1.1001","1.1012","1.0928","","-0.44%"
"2023/08/07","1.1002","1.1018","1.1019","1.0965","","-0.07%"
"2023/08/04","1.1010","1.0946","1.1042","1.0934","","0.60%"
"2023/08/03","1.0944","1.0938","1.0963","1.0912","","0.07%"
"2023/08/02","1.0936","1.0983","1.1020","1.0918","","-0.42%"
"2023/08/01","1.0982","1.0996","1.1004","1.0951","","-0.10%"
"2023/07/31","1.0993","1.1023","1.1047","1.0993","","-0.20%"
"2023/07/28","1.1015","1.0978","1.1048","1.0943","","0.38%"
"2023/07/27","1.0973","1.1081","1.1150","1.0965","","-0.99%"
"2023/07/26","1.1083","1.1053","1.1107","1.1037","","0.27%"
"2023/07/25","1.1053","1.1065","1.1087","1.1020","","-0.08%"
"2023/07/24","1.1062","1.1127","1.1148","1.1059","","-0.55%"
"2023/07/21","1.1123","1.1133","1.1145","1.1107","","-0.04%"
"2023/07/20","1.1128","1.1200","1.1229","1.1118","","-0.63%"
"2023/07/19","1.1198","1.1227","1.1241","1.1174","","-0.25%"
"2023/07/18","1.1226","1.1237","1.1277","1.1208","","-0.07%"
"2023/07/17","1.1234","1.1235","1.1250","1.1203","","0.06%"
"2023/07/14","1.1227","1.1227","1.1245","1.1204","","0.03%"
"2023/07/13","1.1224","1.1131","1.1228","1.1128","","0.86%"
"2023/07/12","1.1128","1.1008","1.1141","1.1004","","1.11%"
"2023/07/11","1.1006","1.1000","1.1027","1.0977","","0.06%"
"2023/07/10","1.0999","1.0971","1.1003","1.0943","","0.29%"
"2023/07/07","1.0967","1.0887","1.0975","1.0867","","0.73%"
"2023/07/06","1.0887","1.0858","1.0901","1.0833","","0.33%"
"2023/07/05","1.0851","1.0878","1.0908","1.0850","","-0.24%"
"2023/07/04","1.0877","1.0911","1.0918","1.0876","","-0.31%"
"2023/07/03","1.0911","1.0911","1.0934","1.0870","","0.01%"
"2023/06/30","1.0910","1.0864","1.0933","1.0834","","0.42%"
"2023/06/29","1.0864","1.0914","1.0942","1.0860","","-0.43%"
"2023/06/28","1.0911","1.0961","1.0963","1.0897","","-0.44%"
"2023/06/27","1.0959","1.0910","1.0977","1.0902","","0.50%"
"2023/06/26","1.0904","1.0897","1.0921","1.0887","","0.14%"
"2023/06/23","1.0889","1.0957","1.0960","1.0843","","-0.61%"
"2023/06/22","1.0956","1.0986","1.1012","1.0948","","-0.25%"
"2023/06/21","1.0984","1.0916","1.0991","1.0905","","0.62%"
"2023/06/20","1.0916","1.0921","1.0947","1.0892","","-0.05%"
"2023/06/19","1.0922","1.0942","1.0947","1.0906","","-0.10%"
"2023/06/16","1.0933","1.0944","1.0971","1.0918","","-0.11%"
"2023/06/15","1.0945","1.0830","1.0954","1.0803","","1.05%"
"2023/06/14","1.0831","1.0792","1.0864","1.0774","","0.37%"
"2023/06/13","1.0791","1.0755","1.0825","1.0754","","0.32%"
"2023/06/12","1.0757","1.0751","1.0791","1.0733","","0.09%"
"2023/06/09","1.0747","1.0782","1.0786","1.0742","","-0.32%"
"2023/06/08","1.0781","1.0699","1.0788","1.0696","","0.79%"
"2023/06/07","1.0697","1.0695","1.0740","1.0668","","0.06%"
"2023/06/06","1.0691","1.0714","1.0733","1.0667","","-0.20%"
"2023/06/05","1.0712","1.0712","1.0724","1.0674","","0.06%"
"2023/06/02","1.0706","1.0762","1.0780","1.0704","","-0.51%"
"2023/06/01","1.0761","1.0690","1.0769","1.0661","","0.68%"
"2023/05/31","1.0688","1.0736","1.0737","1.0634","","-0.42%"
"2023/05/30","1.0733","1.0707","1.0747","1.0672","","0.26%"
"2023/05/29","1.0705","1.0726","1.0745","1.0705","","-0.18%"
"2023/05/26","1.0724","1.0722","1.0760","1.0701","","0.05%"
"2023/05/25","1.0719","1.0750","1.0757","1.0707","","-0.27%"
"2023/05/24","1.0748","1.0775","1.0802","1.0747","","-0.19%"
"2023/05/23","1.0768","1.0812","1.0821","1.0760","","-0.40%"
"2023/05/22","1.0811","1.0814","1.0832","1.0795","","0.08%"
"2023/05/19","1.0802","1.0771","1.0829","1.0760","","0.31%"
"2023/05/18","1.0769","1.0840","1.0848","1.0762","","-0.65%"
"2023/05/17","1.0839","1.0862","1.0875","1.0810","","-0.20%"
"2023/05/16","1.0861","1.0874","1.0905","1.0855","","-0.10%"
"2023/05/15","1.0872","1.0856","1.0891","1.0845","","0.22%"
"2023/05/12","1.0848","1.0916","1.0936","1.0848","","-0.60%"
"2023/05/11","1.0914","1.0981","1.0999","1.0899","","-0.60%"
"2023/05/10","1.0980","1.0961","1.1007","1.0941","","0.18%"
"2023/05/09","1.0960","1.1006","1.1006","1.0941","","-0.40%"
"2023/05/08","1.1004","1.1033","1.1055","1.0999","","-0.12%"
"2023/05/05","1.1017","1.1012","1.1049","1.0967","","0.05%"
"2023/05/04","1.1011","1.1060","1.1092","1.0985","","-0.43%"
"2023/05/03","1.1059","1.0999","1.1092","1.0999","","0.55%"
"2023/05/02","1.0999","1.0973","1.1009","1.0941","","0.22%"
"2023/05/01","1.0975","1.1035","1.1038","1.0963","","-0.41%"
"2023/04/28","1.1020","1.1028","1.1046","1.0962","","-0.06%"
"2023/04/27","1.1027","1.1042","1.1064","1.0992","","-0.12%"
"2023/04/26","1.1040","1.0972","1.1096","1.0967","","0.62%"
"2023/04/25","1.0972","1.1046","1.1068","1.0963","","-0.62%"
"2023/04/24","1.1041","1.0991","1.1051","1.0965","","0.49%"
"2023/04/21","1.0987","1.0970","1.0994","1.0938","","0.18%"
"2023/04/20","1.0967","1.0956","1.0991","1.0933","","0.12%"
"2023/04/19","1.0954","1.0972","1.0984","1.0917","","-0.15%"
"2023/04/18","1.0971","1.0924","1.0984","1.0921","","0.41%"
"2023/04/17","1.0926","1.0990","1.1000","1.0908","","-0.67%"
"2023/04/14","1.1000","1.1043","1.1077","1.0972","","-0.40%"
"2023/04/13","1.1044","1.0992","1.1069","1.0977","","0.50%"
"2023/04/12","1.0989","1.0913","1.1001","1.0911","","0.72%"
"2023/04/11","1.0910","1.0863","1.0928","1.0857","","0.47%"
"2023/04/10","1.0859","1.0901","1.0918","1.0831","","-0.35%"
"2023/04/07","1.0897","1.0923","1.0926","1.0876","","-0.21%"
"2023/04/06","1.0920","1.0903","1.0939","1.0884","","0.16%"
"2023/04/05","1.0903","1.0953","1.0970","1.0891","","-0.45%"
"2023/04/04","1.0952","1.0901","1.0974","1.0883","","0.52%"
"2023/04/03","1.0895","1.0847","1.0918","1.0788","","0.52%"
"2023/03/31","1.0839","1.0906","1.0927","1.0836","","-0.57%"
"2023/03/30","1.0901","1.0844","1.0927","1.0823","","0.53%"
"2023/03/29","1.0843","1.0844","1.0872","1.0817","","0.00%"
"2023/03/28","1.0843","1.0797","1.0849","1.0795","","0.44%"
"2023/03/27","1.0796","1.0767","1.0800","1.0745","","0.34%"
"2023/03/24","1.0759","1.0829","1.0840","1.0713","","-0.66%"
"2023/03/23","1.0830","1.0856","1.0931","1.0824","","-0.23%"
"2023/03/22","1.0855","1.0768","1.0913","1.0759","","0.82%"
"2023/03/21","1.0767","1.0721","1.0789","1.0704","","0.45%"
"2023/03/20","1.0719","1.0697","1.0732","1.0631","","0.50%"
"2023/03/17","1.0666","1.0609","1.0686","1.0605","","0.58%"
"2023/03/16","1.0605","1.0577","1.0637","1.0550","","0.28%"
"2023/03/15","1.0575","1.0733","1.0761","1.0516","","-1.46%"
"2023/03/14","1.0732","1.0731","1.0750","1.0678","","0.03%"
"2023/03/13","1.0729","1.0647","1.0749","1.0647","","0.81%"
"2023/03/10","1.0643","1.0580","1.0702","1.0573","","0.60%"
"2023/03/09","1.0580","1.0545","1.0591","1.0538","","0.34%"
"2023/03/08","1.0544","1.0549","1.0575","1.0524","","-0.03%"
"2023/03/07","1.0547","1.0681","1.0695","1.0546","","-1.23%"
"2023/03/06","1.0678","1.0619","1.0695","1.0615","","0.43%"
"2023/03/03","1.0632","1.0598","1.0639","1.0587","","0.34%"
"2023/03/02","1.0596","1.0668","1.0674","1.0575","","-0.65%"
"2023/03/01","1.0665","1.0576","1.0692","1.0565","","0.84%"
"2023/02/28","1.0576","1.0605","1.0646","1.0574","","-0.29%"
"2023/02/27","1.0607","1.0541","1.0620","1.0532","","0.58%"
"2023/02/24","1.0546","1.0597","1.0616","1.0536","","-0.46%"
"2023/02/23","1.0595","1.0603","1.0628","1.0576","","-0.06%"
"2023/02/22","1.0601","1.0648","1.0664","1.0598","","-0.42%"
"2023/02/21","1.0646","1.0686","1.0698","1.0637","","-0.34%"
"2023/02/20","1.0682","1.0688","1.0705","1.0670","","-0.11%"
"2023/02/17","1.0694","1.0674","1.0699","1.0612","","0.24%"
"2023/02/16","1.0668","1.0690","1.0723","1.0654","","-0.20%"
"2023/02/15","1.0689","1.0738","1.0746","1.0660","","-0.43%"
"2023/02/14","1.0735","1.0723","1.0805","1.0706","","0.14%"
"2023/02/13","1.0720","1.0679","1.0731","1.0655","","0.42%"
"2023/02/10","1.0675","1.0738","1.0754","1.0666","","-0.57%"
"2023/02/09","1.0736","1.0711","1.0793","1.0709","","0.25%"
"2023/02/08","1.0709","1.0726","1.0761","1.0709","","-0.13%"
"2023/02/07","1.0723","1.0727","1.0768","1.0667","","-0.07%"
"2023/02/06","1.0730","1.0790","1.0799","1.0709","","-0.58%"
"2023/02/03","1.0793","1.0909","1.0941","1.0791","","-1.07%"
"2023/02/02","1.0910","1.0990","1.1034","1.0885","","-0.72%"
"2023/02/01","1.0989","1.0864","1.1001","1.0852","","1.17%"
"2023/01/31","1.0862","1.0850","1.0876","1.0802","","0.17%"
"2023/01/30","1.0844","1.0875","1.0914","1.0839","","-0.21%"
"2023/01/27","1.0867","1.0892","1.0901","1.0836","","-0.20%"
"2023/01/26","1.0889","1.0917","1.0930","1.0849","","-0.24%"
"2023/01/25","1.0915","1.0881","1.0925","1.0856","","0.28%"
"2023/01/24","1.0885","1.0872","1.0898","1.0834","","0.16%"
"2023/01/23","1.0868","1.0860","1.0927","1.0846","","0.12%"
"2023/01/20","1.0855","1.0833","1.0860","1.0802","","0.26%"
"2023/01/19","1.0827","1.0790","1.0841","1.0782","","0.32%"
"2023/01/18","1.0792","1.0790","1.0889","1.0766","","0.04%"
"2023/01/17","1.0788","1.0822","1.0870","1.0775","","-0.26%"
"2023/01/16","1.0816","1.0834","1.0875","1.0801","","-0.11%"
"2023/01/13","1.0828","1.0854","1.0869","1.0780","","-0.17%"
"2023/01/12","1.0846","1.0757","1.0868","1.0730","","0.85%"
"2023/01/11","1.0755","1.0736","1.0777","1.0725","","0.20%"
"2023/01/10","1.0734","1.0725","1.0760","1.0711","","0.06%"
"2023/01/09","1.0728","1.0637","1.0761","1.0636","","0.79%"
"2023/01/06","1.0644","1.0522","1.0648","1.0483","","1.18%"
"2023/01/05","1.0520","1.0604","1.0632","1.0515","","-0.75%"
"2023/01/04","1.0599","1.0552","1.0636","1.0540","","0.50%"
"2023/01/03","1.0546","1.0663","1.0684","1.0519","","-1.09%"
"2023/01/02","1.0662","1.0702","1.0708","1.0650","","-0.37%"
"2022/12/30","1.0702","1.0663","1.0714","1.0639","","0.38%"
"2022/12/29","1.0661","1.0609","1.0691","1.0609","","0.50%"
"2022/12/28","1.0608","1.0642","1.0675","1.0606","","-0.28%"
"2022/12/27","1.0638","1.0638","1.0670","1.0611","","0.03%"
"2022/12/26","1.0635","1.0611","1.0638","1.0604","","0.20%"
"2022/12/23","1.0614","1.0595","1.0633","1.0586","","0.20%"
"2022/12/22","1.0593","1.0607","1.0660","1.0573","","-0.09%"
"2022/12/21","1.0603","1.0625","1.0647","1.0589","","-0.17%"
"2022/12/20","1.0621","1.0606","1.0660","1.0579","","0.15%"
"2022/12/19","1.0605","1.0591","1.0659","1.0575","","0.22%"
"2022/12/16","1.0582","1.0626","1.0663","1.0584","","-0.41%"
"2022/12/15","1.0626","1.0683","1.0737","1.0592","","-0.52%"
"2022/12/14","1.0682","1.0633","1.0696","1.0618","","0.49%"
"2022/12/13","1.0630","1.0534","1.0674","1.0527","","0.90%"
"2022/12/12","1.0535","1.0528","1.0581","1.0506","","0.05%"
"2022/12/09","1.0530","1.0559","1.0589","1.0507","","-0.25%"
"2022/12/08","1.0556","1.0508","1.0566","1.0489","","0.49%"
"2022/12/07","1.0505","1.0469","1.0551","1.0443","","0.34%"
"2022/12/06","1.0469","1.0489","1.0533","1.0459","","-0.21%"
"2022/12/05","1.0491","1.0517","1.0596","1.0480","","-0.45%"
"2022/12/02","1.0538","1.0524","1.0546","1.0428","","0.15%"
"2022/12/01","1.0522","1.0407","1.0534","1.0393","","1.12%"
"2022/11/30","1.0405","1.0329","1.0430","1.0289","","0.76%"
"2022/11/29","1.0327","1.0340","1.0395","1.0319","","-0.10%"
"2022/11/28","1.0337","1.0382","1.0497","1.0330","","-0.56%"
"2022/11/25","1.0395","1.0409","1.0430","1.0354","","-0.12%"
"2022/11/24","1.0408","1.0398","1.0450","1.0381","","0.13%"
"2022/11/23","1.0395","1.0304","1.0405","1.0296","","0.90%"
"2022/11/22","1.0302","1.0243","1.0309","1.0239","","0.60%"
"2022/11/21","1.0241","1.0318","1.0334","1.0223","","-0.80%"
"2022/11/18","1.0324","1.0362","1.0396","1.0313","","-0.35%"
"2022/11/17","1.0360","1.0395","1.0408","1.0304","","-0.31%"
"2022/11/16","1.0392","1.0349","1.0439","1.0330","","0.43%"
"2022/11/15","1.0348","1.0325","1.0481","1.0280","","0.22%"
"2022/11/14","1.0325","1.0366","1.0368","1.0271","","-0.26%"
"2022/11/11","1.0352","1.0209","1.0365","1.0163","","1.41%"
"2022/11/10","1.0208","1.0008","1.0223","0.9935","","1.97%"
"2022/11/09","1.0011","1.0074","1.0089","0.9992","","-0.61%"
"2022/11/08","1.0072","1.0022","1.0097","0.9972","","0.53%"
"2022/11/07","1.0019","0.9911","1.0035","0.9899","","0.59%"
"2022/11/04","0.9960","0.9750","0.9967","0.9742","","2.14%"
"2022/11/03","0.9751","0.9819","0.9840","0.9729","","-0.67%"
"2022/11/02","0.9817","0.9875","0.9977","0.9812","","-0.58%"
"2022/11/01","0.9874","0.9882","0.9955","0.9852","","-0.09%"
"2022/10/31","0.9883","0.9947","0.9966","0.9872","","-0.80%"
"2022/10/28","0.9963","0.9965","0.9998","0.9926","","0.01%"
"2022/10/27","0.9962","1.0079","1.0094","0.9957","","-1.14%"
"2022/10/26","1.0077","0.9966","1.0089","0.9943","","1.13%"
"2022/10/25","0.9964","0.9874","0.9977","0.9848","","0.91%"
"2022/10/24","0.9874","0.9867","0.9900","0.9807","","0.14%"
"2022/10/21","0.9860","0.9786","0.9869","0.9704","","0.79%"
"2022/10/20","0.9783","0.9773","0.9846","0.9754","","0.12%"
"2022/10/19","0.9771","0.9858","0.9873","0.9757","","-0.82%"
"2022/10/18","0.9852","0.9838","0.9876","0.9812","","0.14%"
"2022/10/17","0.9838","0.9726","0.9853","0.9719","","1.22%"
"2022/10/14","0.9719","0.9778","0.9809","0.9707","","-0.55%"
"2022/10/13","0.9773","0.9702","0.9807","0.9632","","0.71%"
"2022/10/12","0.9704","0.9708","0.9735","0.9668","","0.01%"
"2022/10/11","0.9703","0.9700","0.9776","0.9672","","0.03%"
"2022/10/10","0.9700","0.9736","0.9754","0.9682","","-0.42%"
"2022/10/07","0.9741","0.9790","0.9818","0.9725","","-0.48%"
"2022/10/06","0.9788","0.9879","0.9927","0.9787","","-0.95%"
"2022/10/05","0.9882","0.9986","0.9995","0.9834","","-1.01%"
"2022/10/04","0.9983","0.9826","1.0000","0.9805","","1.62%"
"2022/10/03","0.9824","0.9800","0.9845","0.9753","","0.26%"
"2022/09/30","0.9799","0.9816","0.9855","0.9735","","-0.15%"
"2022/09/29","0.9814","0.9735","0.9816","0.9635","","0.82%"
"2022/09/28","0.9734","0.9594","0.9751","0.9535","","1.48%"
"2022/09/27","0.9592","0.9610","0.9671","0.9568","","-0.15%"
"2022/09/26","0.9606","0.9679","0.9711","0.9567","","-0.87%"
"2022/09/23","0.9690","0.9837","0.9852","0.9668","","-1.48%"
"2022/09/22","0.9836","0.9837","0.9908","0.9808","","-0.01%"
"2022/09/21","0.9837","0.9972","0.9978","0.9813","","-1.33%"
"2022/09/20","0.9970","1.0023","1.0051","0.9955","","-0.52%"
"2022/09/19","1.0022","1.0012","1.0030","0.9966","","0.07%"
"2022/09/16","1.0015","1.0001","1.0037","0.9944","","0.16%"
"2022/09/15","0.9999","0.9980","1.0019","0.9955","","0.22%"
"2022/09/14","0.9977","0.9969","1.0024","0.9955","","0.07%"
"2022/09/13","0.9970","1.0123","1.0188","0.9966","","-1.47%"
"2022/09/12","1.0119","1.0080","1.0199","1.0059","","0.80%"
"2022/09/09","1.0039","0.9995","1.0114","0.9995","","0.45%"
"2022/09/08","0.9994","1.0002","1.0030","0.9930","","-0.05%"
"2022/09/07","0.9999","0.9904","1.0012","0.9875","","0.98%"
"2022/09/06","0.9902","0.9927","0.9987","0.9863","","-0.24%"
"2022/09/05","0.9926","0.9950","0.9950","0.9877","","-0.25%"
"2022/09/02","0.9951","0.9945","1.0035","0.9942","","0.07%"
"2022/09/01","0.9944","1.0055","1.0057","0.9911","","-1.12%"
"2022/08/31","1.0057","1.0014","1.0079","0.9971","","0.45%"
"2022/08/30","1.0012","0.9996","1.0056","0.9981","","0.17%"
"2022/08/29","0.9995","0.9977","1.0029","0.9913","","0.34%"
"2022/08/26","0.9961","0.9974","1.0091","0.9947","","-0.13%"
"2022/08/25","0.9974","0.9967","1.0035","0.9948","","0.09%"
"2022/08/24","0.9965","0.9970","1.0000","0.9909","","-0.02%"
"2022/08/23","0.9967","0.9944","1.0019","0.9900","","0.26%"
"2022/08/22","0.9941","1.0041","1.0048","0.9926","","-0.93%"
"2022/08/19","1.0034","1.0089","1.0096","1.0031","","-0.54%"
"2022/08/18","1.0088","1.0180","1.0194","1.0079","","-0.90%"
"2022/08/17","1.0180","1.0170","1.0203","1.0145","","0.10%"
"2022/08/16","1.0170","1.0162","1.0195","1.0122","","0.10%"
"2022/08/15","1.0160","1.0263","1.0270","1.0155","","-0.96%"
"2022/08/12","1.0258","1.0316","1.0329","1.0237","","-0.57%"
"2022/08/11","1.0317","1.0299","1.0366","1.0275","","0.19%"
"2022/08/10","1.0297","1.0214","1.0369","1.0201","","0.84%"
"2022/08/09","1.0211","1.0198","1.0248","1.0188","","0.16%"
"2022/08/08","1.0195","1.0179","1.0223","1.0158","","0.14%"
"2022/08/05","1.0181","1.0247","1.0253","1.0141","","-0.61%"
"2022/08/04","1.0243","1.0162","1.0254","1.0154","","0.78%"
"2022/08/03","1.0164","1.0166","1.0210","1.0122","","0.00%"
"2022/08/02","1.0164","1.0261","1.0295","1.0163","","-0.95%"
"2022/08/01","1.0261","1.0218","1.0276","1.0205","","0.42%"
"2022/07/29","1.0218","1.0196","1.0255","1.0145","","0.22%"
"2022/07/28","1.0196","1.0198","1.0236","1.0114","","-0.06%"
"2022/07/27","1.0202","1.0116","1.0222","1.0096","","0.87%"
"2022/07/26","1.0114","1.0220","1.0251","1.0107","","-1.04%"
"2022/07/25","1.0220","1.0212","1.0259","1.0179","","0.10%"
"2022/07/22","1.0210","1.0230","1.0256","1.0129","","-0.18%"
"2022/07/21","1.0228","1.0178","1.0279","1.0153","","0.50%"
"2022/07/20","1.0177","1.0228","1.0274","1.0155","","-0.46%"
"2022/07/19","1.0224","1.0143","1.0270","1.0120","","0.82%"
"2022/07/18","1.0141","1.0085","1.0202","1.0078","","0.54%"
"2022/07/15","1.0087","1.0018","1.0099","1.0007","","0.71%"
"2022/07/14","1.0016","1.0061","1.0065","0.9952","","-0.44%"
"2022/07/13","1.0060","1.0040","1.0123","0.9998","","0.24%"
"2022/07/12","1.0036","1.0040","1.0074","0.9999","","-0.03%"
"2022/07/11","1.0039","1.0173","1.0185","1.0034","","-1.41%"
"2022/07/08","1.0183","1.0159","1.0193","1.0072","","0.24%"
"2022/07/07","1.0159","1.0181","1.0222","1.0144","","-0.22%"
"2022/07/06","1.0181","1.0268","1.0277","1.0161","","-0.83%"
"2022/07/05","1.0266","1.0419","1.0450","1.0235","","-1.49%"
"2022/07/04","1.0421","1.0424","1.0464","1.0417","","-0.07%"
"2022/07/01","1.0428","1.0481","1.0487","1.0366","","-0.52%"
"2022/06/30","1.0482","1.0441","1.0489","1.0382","","0.41%"
"2022/06/29","1.0439","1.0518","1.0537","1.0434","","-0.75%"
"2022/06/28","1.0518","1.0585","1.0607","1.0503","","-0.61%"
"2022/06/27","1.0583","1.0555","1.0616","1.0549","","0.27%"
"2022/06/24","1.0554","1.0526","1.0572","1.0511","","0.29%"
"2022/06/23","1.0523","1.0567","1.0582","1.0482","","-0.40%"
"2022/06/22","1.0565","1.0527","1.0606","1.0468","","0.38%"
"2022/06/21","1.0525","1.0510","1.0583","1.0508","","0.15%"
"2022/06/20","1.0509","1.0472","1.0546","1.0472","","0.10%"
"2022/06/17","1.0498","1.0548","1.0560","1.0445","","-0.46%"
"2022/06/16","1.0547","1.0442","1.0602","1.0381","","1.00%"
"2022/06/15","1.0443","1.0417","1.0509","1.0359","","0.28%"
"2022/06/14","1.0414","1.0411","1.0486","1.0396","","0.06%"
"2022/06/13","1.0408","1.0513","1.0520","1.0400","","-1.02%"
"2022/06/10","1.0515","1.0617","1.0644","1.0505","","-0.93%"
"2022/06/09","1.0614","1.0717","1.0775","1.0611","","-0.93%"
"2022/06/08","1.0714","1.0700","1.0749","1.0671","","0.14%"
"2022/06/07","1.0699","1.0695","1.0715","1.0652","","0.05%"
"2022/06/06","1.0694","1.0722","1.0753","1.0683","","-0.22%"
"2022/06/03","1.0718","1.0747","1.0765","1.0704","","-0.25%"
"2022/06/02","1.0745","1.0649","1.0751","1.0645","","0.93%"
"2022/06/01","1.0646","1.0734","1.0739","1.0626","","-0.81%"
"2022/05/31","1.0733","1.0778","1.0780","1.0678","","-0.41%"
"2022/05/30","1.0777","1.0737","1.0788","1.0726","","0.47%"
"2022/05/27","1.0727","1.0726","1.0766","1.0697","","0.03%"
"2022/05/26","1.0724","1.0684","1.0733","1.0662","","0.41%"
"2022/05/25","1.0680","1.0735","1.0740","1.0642","","-0.50%"
"2022/05/24","1.0734","1.0690","1.0749","1.0661","","0.42%"
"2022/05/23","1.0689","1.0572","1.0698","1.0558","","1.22%"
"2022/05/20","1.0560","1.0586","1.0599","1.0532","","-0.25%"
"2022/05/19","1.0586","1.0470","1.0608","1.0460","","1.15%"
"2022/05/18","1.0466","1.0549","1.0565","1.0460","","-0.77%"
"2022/05/17","1.0547","1.0434","1.0556","1.0429","","1.11%"
"2022/05/16","1.0431","1.0405","1.0444","1.0388","","0.19%"
"2022/05/13","1.0411","1.0379","1.0421","1.0350","","0.31%"
"2022/05/12","1.0379","1.0512","1.0530","1.0353","","-1.26%"
"2022/05/11","1.0511","1.0529","1.0577","1.0502","","-0.15%"
"2022/05/10","1.0527","1.0557","1.0586","1.0525","","-0.27%"
"2022/05/09","1.0555","1.0552","1.0594","1.0495","","0.04%"
"2022/05/06","1.0551","1.0544","1.0601","1.0482","","0.10%"
"2022/05/05","1.0540","1.0623","1.0642","1.0493","","-0.76%"
"2022/05/04","1.0621","1.0516","1.0632","1.0505","","0.96%"
"2022/05/03","1.0520","1.0502","1.0579","1.0491","","0.15%"
"2022/05/02","1.0504","1.0550","1.0569","1.0490","","-0.35%"
"2022/04/29","1.0541","1.0498","1.0593","1.0491","","0.45%"
"2022/04/28","1.0494","1.0557","1.0566","1.0471","","-0.58%"
"2022/04/27","1.0555","1.0638","1.0655","1.0513","","-0.76%"
"2022/04/26","1.0636","1.0713","1.0740","1.0635","","-0.70%"
"2022/04/25","1.0711","1.0841","1.0842","1.0697","","-0.77%"
"2022/04/22","1.0794","1.0838","1.0853","1.0770","","-0.39%"
"2022/04/21","1.0836","1.0853","1.0937","1.0824","","-0.13%"
"2022/04/20","1.0850","1.0788","1.0868","1.0783","","0.59%"
"2022/04/19","1.0786","1.0783","1.0815","1.0761","","0.06%"
"2022/04/18","1.0780","1.0805","1.0822","1.0769","","-0.24%"
"2022/04/15","1.0806","1.0828","1.0832","1.0796","","-0.19%"
"2022/04/14","1.0827","1.0887","1.0925","1.0757","","-0.53%"
"2022/04/13","1.0885","1.0830","1.0896","1.0809","","0.54%"
"2022/04/12","1.0826","1.0882","1.0905","1.0821","","-0.52%"
"2022/04/11","1.0883","1.0935","1.0951","1.0872","","0.06%"
"2022/04/08","1.0876","1.0879","1.0892","1.0836","","-0.02%"
"2022/04/07","1.0878","1.0893","1.0939","1.0864","","-0.14%"
"2022/04/06","1.0893","1.0906","1.0939","1.0874","","-0.09%"
"2022/04/05","1.0903","1.0973","1.0990","1.0899","","-0.61%"
"2022/04/04","1.0970","1.1039","1.1056","1.0960","","-0.75%"
"2022/04/01","1.1053","1.1065","1.1077","1.1027","","-0.11%"
"2022/03/31","1.1065","1.1158","1.1185","1.1061","","-0.82%"
"2022/03/30","1.1156","1.1087","1.1171","1.1083","","0.64%"
"2022/03/29","1.1085","1.0980","1.1137","1.0970","","0.97%"
"2022/03/28","1.0978","1.0989","1.1000","1.0944","","-0.03%"
"2022/03/25","1.0981","1.0994","1.1039","1.0979","","-0.14%"
"2022/03/24","1.0996","1.1004","1.1014","1.0965","","-0.07%"
"2022/03/23","1.1004","1.1027","1.1044","1.0963","","-0.21%"
"2022/03/22","1.1027","1.1018","1.1047","1.0960","","0.12%"
"2022/03/21","1.1014","1.1059","1.1070","1.1010","","-0.37%"
"2022/03/18","1.1055","1.1091","1.1120","1.1003","","-0.31%"
"2022/03/17","1.1089","1.1036","1.1138","1.1008","","0.52%"
"2022/03/16","1.1032","1.0956","1.1048","1.0948","","0.74%"
"2022/03/15","1.0951","1.0940","1.1020","1.0926","","0.11%"
"2022/03/14","1.0939","1.0943","1.0994","1.0900","","0.28%"
"2022/03/11","1.0909","1.0984","1.1044","1.0901","","-0.67%"
"2022/03/10","1.0983","1.1075","1.1121","1.0976","","-0.83%"
"2022/03/09","1.1075","1.0903","1.1096","1.0890","","1.61%"
"2022/03/08","1.0899","1.0855","1.0960","1.0848","","0.43%"
"2022/03/07","1.0852","1.0953","1.0953","1.0805","","-0.68%"
"2022/03/04","1.0926","1.1068","1.1069","1.0886","","-1.25%"
"2022/03/03","1.1064","1.1118","1.1125","1.1033","","-0.51%"
"2022/03/02","1.1121","1.1127","1.1147","1.1057","","-0.04%"
"2022/03/01","1.1126","1.1218","1.1234","1.1090","","-0.83%"
"2022/02/28","1.1219","1.1179","1.1247","1.1122","","-0.43%"
"2022/02/25","1.1267","1.1192","1.1275","1.1165","","0.68%"
"2022/02/24","1.1191","1.1313","1.1314","1.1106","","-1.04%"
"2022/02/23","1.1309","1.1327","1.1359","1.1300","","-0.14%"
"2022/02/22","1.1325","1.1312","1.1367","1.1287","","0.13%"
"2022/02/21","1.1310","1.1315","1.1391","1.1306","","-0.10%"
"2022/02/18","1.1321","1.1362","1.1378","1.1314","","-0.34%"
"2022/02/17","1.1360","1.1374","1.1386","1.1322","","-0.11%"
"2022/02/16","1.1373","1.1360","1.1396","1.1344","","0.15%"
"2022/02/15","1.1356","1.1307","1.1369","1.1301","","0.45%"
"2022/02/14","1.1305","1.1344","1.1370","1.1279","","-0.39%"
"2022/02/11","1.1349","1.1428","1.1431","1.1329","","-0.68%"
"2022/02/10","1.1427","1.1429","1.1496","1.1374","","0.04%"
"2022/02/09","1.1422","1.1416","1.1449","1.1402","","0.07%"
"2022/02/08","1.1414","1.1443","1.1450","1.1395","","-0.24%"
"2022/02/07","1.1442","1.1468","1.1469","1.1415","","-0.03%"
"2022/02/04","1.1446","1.1439","1.1485","1.1411","","0.07%"
"2022/02/03","1.1438","1.1306","1.1452","1.1267","","1.19%"
"2022/02/02","1.1303","1.1270","1.1331","1.1266","","0.30%"
"2022/02/01","1.1269","1.1234","1.1279","1.1221","","0.32%"
"2022/01/31","1.1233","1.1147","1.1249","1.1138","","0.81%"
"2022/01/28","1.1143","1.1146","1.1174","1.1121","","0.00%"
"2022/01/27","1.1143","1.1240","1.1244","1.1132","","-0.84%"
"2022/01/26","1.1237","1.1301","1.1312","1.1235","","-0.55%"
"2022/01/25","1.1299","1.1324","1.1330","1.1263","","-0.21%"
"2022/01/24","1.1323","1.1343","1.1346","1.1290","","-0.15%"
"2022/01/21","1.1340","1.1312","1.1360","1.1300","","0.27%"
"2022/01/20","1.1310","1.1342","1.1370","1.1302","","-0.27%"
"2022/01/19","1.1341","1.1321","1.1358","1.1318","","0.14%"
"2022/01/18","1.1325","1.1408","1.1422","1.1314","","-0.72%"
"2022/01/17","1.1407","1.1414","1.1436","1.1392","","-0.06%"
"2022/01/14","1.1414","1.1454","1.1484","1.1398","","-0.34%"
"2022/01/13","1.1453","1.1443","1.1482","1.1435","","0.10%"
"2022/01/12","1.1442","1.1366","1.1453","1.1354","","0.69%"
"2022/01/11","1.1364","1.1325","1.1375","1.1313","","0.35%"
"2022/01/10","1.1324","1.1353","1.1362","1.1285","","-0.31%"
"2022/01/07","1.1359","1.1293","1.1365","1.1289","","0.60%"
"2022/01/06","1.1291","1.1314","1.1332","1.1285","","-0.19%"
"2022/01/05","1.1313","1.1287","1.1347","1.1277","","0.25%"
"2022/01/04","1.1285","1.1298","1.1323","1.1272","","-0.08%"
"2022/01/03","1.1294","1.1365","1.1381","1.1279","","-0.65%"
"2021/12/31","1.1368","1.1324","1.1387","1.1302","","0.40%"
"2021/12/30","1.1323","1.1349","1.1360","1.1298","","-0.22%"
"2021/12/29","1.1348","1.1310","1.1370","1.1273","","0.34%"
"2021/12/28","1.1309","1.1329","1.1335","1.1289","","-0.14%"
"2021/12/27","1.1325","1.1318","1.1335","1.1302","","0.07%"
"2021/12/24","1.1317","1.1330","1.1344","1.1303","","-0.10%"
"2021/12/23","1.1328","1.1325","1.1343","1.1289","","0.04%"
"2021/12/22","1.1324","1.1279","1.1343","1.1264","","0.36%"
"2021/12/21","1.1283","1.1277","1.1303","1.1260","","0.07%"
"2021/12/20","1.1275","1.1242","1.1305","1.1234","","0.32%"
"2021/12/17","1.1239","1.1330","1.1350","1.1235","","-0.79%"
"2021/12/16","1.1328","1.1286","1.1361","1.1280","","0.38%"
"2021/12/15","1.1285","1.1259","1.1300","1.1221","","0.25%"
"2021/12/14","1.1257","1.1285","1.1327","1.1253","","-0.23%"
"2021/12/13","1.1283","1.1316","1.1321","1.1259","","-0.25%"
"2021/12/10","1.1311","1.1293","1.1325","1.1264","","0.17%"
"2021/12/09","1.1292","1.1342","1.1348","1.1278","","-0.44%"
"2021/12/08","1.1342","1.1267","1.1356","1.1264","","0.70%"
"2021/12/07","1.1263","1.1287","1.1301","1.1228","","-0.19%"
"2021/12/06","1.1285","1.1321","1.1321","1.1266","","-0.25%"
"2021/12/03","1.1313","1.1301","1.1334","1.1265","","0.12%"
"2021/12/02","1.1299","1.1320","1.1349","1.1294","","-0.18%"
"2021/12/01","1.1319","1.1339","1.1360","1.1302","","-0.15%"
"2021/11/30","1.1336","1.1291","1.1384","1.1236","","0.40%"
"2021/11/29","1.1291","1.1309","1.1316","1.1258","","-0.23%"
"2021/11/26","1.1317","1.1209","1.1331","1.1205","","0.99%"
"2021/11/25","1.1206","1.1198","1.1231","1.1198","","0.08%"
"2021/11/24","1.1197","1.1248","1.1256","1.1185","","-0.44%"
"2021/11/23","1.1246","1.1237","1.1276","1.1226","","0.11%"
"2021/11/22","1.1234","1.1292","1.1293","1.1230","","-0.48%"
"2021/11/19","1.1288","1.1371","1.1374","1.1250","","-0.71%"
"2021/11/18","1.1369","1.1319","1.1375","1.1314","","0.44%"
"2021/11/17","1.1319","1.1321","1.1333","1.1264","","0.00%"
"2021/11/16","1.1319","1.1368","1.1386","1.1309","","-0.42%"
"2021/11/15","1.1367","1.1452","1.1465","1.1356","","-0.72%"
"2021/11/12","1.1450","1.1454","1.1463","1.1432","","0.00%"
"2021/11/11","1.1450","1.1482","1.1488","1.1443","","-0.24%"
"2021/11/10","1.1478","1.1593","1.1596","1.1475","","-0.97%"
"2021/11/09","1.1591","1.1588","1.1609","1.1569","","0.04%"
"2021/11/08","1.1586","1.1555","1.1595","1.1550","","0.17%"
"2021/11/05","1.1566","1.1553","1.1574","1.1513","","0.12%"
"2021/11/04","1.1552","1.1611","1.1617","1.1528","","-0.50%"
"2021/11/03","1.1610","1.1579","1.1617","1.1561","","0.29%"
"2021/11/02","1.1577","1.1605","1.1615","1.1574","","-0.25%"
"2021/11/01","1.1606","1.1559","1.1610","1.1545","","0.39%"
"2021/10/29","1.1561","1.1680","1.1690","1.1535","","-1.01%"
"2021/10/28","1.1679","1.1605","1.1693","1.1581","","0.65%"
"2021/10/27","1.1604","1.1597","1.1626","1.1585","","0.08%"
"2021/10/26","1.1595","1.1607","1.1626","1.1585","","-0.09%"
"2021/10/25","1.1606","1.1644","1.1666","1.1590","","-0.35%"
"2021/10/22","1.1647","1.1623","1.1656","1.1621","","0.22%"
"2021/10/21","1.1621","1.1650","1.1668","1.1619","","-0.24%"
"2021/10/20","1.1649","1.1634","1.1659","1.1616","","0.15%"
"2021/10/19","1.1632","1.1611","1.1670","1.1608","","0.20%"
"2021/10/18","1.1609","1.1597","1.1624","1.1571","","0.08%"
"2021/10/15","1.1600","1.1599","1.1621","1.1588","","0.05%"
"2021/10/14","1.1594","1.1593","1.1625","1.1583","","0.02%"
"2021/10/13","1.1592","1.1528","1.1598","1.1527","","0.56%"
"2021/10/12","1.1527","1.1555","1.1571","1.1524","","-0.21%"
"2021/10/11","1.1551","1.1571","1.1588","1.1549","","-0.14%"
"2021/10/08","1.1567","1.1551","1.1586","1.1540","","0.15%"
"2021/10/07","1.1550","1.1556","1.1573","1.1547","","-0.05%"
"2021/10/06","1.1556","1.1603","1.1605","1.1529","","-0.34%"
"2021/10/05","1.1596","1.1623","1.1623","1.1580","","-0.22%"
"2021/10/04","1.1621","1.1593","1.1641","1.1587","","0.23%"
"2021/10/01","1.1594","1.1582","1.1608","1.1563","","0.11%"
"2021/09/30","1.1581","1.1596","1.1611","1.1562","","-0.12%"
"2021/09/29","1.1595","1.1683","1.1691","1.1589","","-0.74%"
"2021/09/28","1.1681","1.1696","1.1704","1.1667","","-0.11%"
"2021/09/27","1.1694","1.1724","1.1728","1.1684","","-0.17%"
"2021/09/24","1.1714","1.1738","1.1748","1.1700","","-0.19%"
"2021/09/23","1.1736","1.1686","1.1751","1.1683","","0.43%"
"2021/09/22","1.1686","1.1726","1.1757","1.1683","","-0.32%"
"2021/09/21","1.1723","1.1726","1.1751","1.1715","","-0.02%"
"2021/09/20","1.1725","1.1732","1.1737","1.1700","","0.00%"
"2021/09/17","1.1725","1.1762","1.1789","1.1724","","-0.33%"
"2021/09/16","1.1764","1.1816","1.1822","1.1751","","-0.43%"
"2021/09/15","1.1815","1.1806","1.1833","1.1798","","0.11%"
"2021/09/14","1.1802","1.1812","1.1846","1.1799","","-0.05%"
"2021/09/13","1.1808","1.1813","1.1818","1.1769","","-0.05%"
"2021/09/10","1.1814","1.1826","1.1852","1.1809","","-0.09%"
"2021/09/09","1.1825","1.1817","1.1842","1.1804","","0.10%"
"2021/09/08","1.1813","1.1840","1.1852","1.1802","","-0.22%"
"2021/09/07","1.1839","1.1870","1.1885","1.1837","","-0.24%"
"2021/09/06","1.1868","1.1879","1.1888","1.1855","","-0.12%"
"2021/09/03","1.1882","1.1875","1.1910","1.1866","","0.08%"
"2021/09/02","1.1873","1.1839","1.1877","1.1834","","0.30%"
"2021/09/01","1.1837","1.1810","1.1858","1.1793","","0.25%"
"2021/08/31","1.1807","1.1797","1.1848","1.1795","","0.10%"
"2021/08/30","1.1795","1.1793","1.1810","1.1782","","0.02%"
"2021/08/27","1.1793","1.1752","1.1803","1.1734","","0.37%"
"2021/08/26","1.1750","1.1772","1.1781","1.1746","","-0.17%"
"2021/08/25","1.1770","1.1754","1.1775","1.1725","","0.14%"
"2021/08/24","1.1753","1.1746","1.1766","1.1726","","0.09%"
"2021/08/23","1.1743","1.1694","1.1751","1.1691","","0.40%"
"2021/08/20","1.1696","1.1675","1.1705","1.1664","","0.19%"
"2021/08/19","1.1674","1.1711","1.1717","1.1666","","-0.31%"
"2021/08/18","1.1710","1.1710","1.1743","1.1694","","0.02%"
"2021/08/17","1.1708","1.1776","1.1786","1.1708","","-0.59%"
"2021/08/16","1.1777","1.1794","1.1802","1.1767","","-0.12%"
"2021/08/13","1.1791","1.1730","1.1805","1.1727","","0.55%"
"2021/08/12","1.1727","1.1738","1.1749","1.1724","","-0.09%"
"2021/08/11","1.1737","1.1720","1.1753","1.1705","","0.16%"
"2021/08/10","1.1718","1.1738","1.1744","1.1710","","-0.16%"
"2021/08/09","1.1737","1.1762","1.1769","1.1734","","-0.20%"
"2021/08/06","1.1760","1.1834","1.1837","1.1753","","-0.61%"
"2021/08/05","1.1832","1.1837","1.1858","1.1827","","-0.03%"
"2021/08/04","1.1835","1.1864","1.1901","1.1832","","-0.21%"
"2021/08/03","1.1860","1.1868","1.1894","1.1853","","-0.06%"
"2021/08/02","1.1867","1.1864","1.1897","1.1858","","-0.03%"
"2021/07/30","1.1870","1.1888","1.1910","1.1851","","-0.13%"
"2021/07/29","1.1886","1.1845","1.1894","1.1840","","0.37%"
"2021/07/28","1.1842","1.1817","1.1851","1.1773","","0.24%"
"2021/07/27","1.1814","1.1804","1.1841","1.1769","","0.13%"
"2021/07/26","1.1799","1.1778","1.1818","1.1763","","0.24%"
"2021/07/23","1.1771","1.1769","1.1788","1.1753","","0.01%"
"2021/07/22","1.1770","1.1793","1.1831","1.1757","","-0.19%"
"2021/07/21","1.1792","1.1782","1.1805","1.1752","","0.11%"
"2021/07/20","1.1779","1.1801","1.1805","1.1755","","-0.16%"
"2021/07/19","1.1798","1.1808","1.1825","1.1763","","-0.06%"
"2021/07/16","1.1805","1.1814","1.1823","1.1791","","-0.06%"
"2021/07/15","1.1812","1.1837","1.1852","1.1796","","-0.19%"
"2021/07/14","1.1835","1.1776","1.1839","1.1772","","0.52%"
"2021/07/13","1.1774","1.1862","1.1876","1.1772","","-0.72%"
"2021/07/12","1.1859","1.1872","1.1881","1.1836","","-0.12%"
"2021/07/09","1.1873","1.1844","1.1882","1.1825","","0.26%"
"2021/07/08","1.1842","1.1792","1.1868","1.1783","","0.45%"
"2021/07/07","1.1789","1.1823","1.1839","1.1782","","-0.28%"
"2021/07/06","1.1822","1.1863","1.1896","1.1806","","-0.33%"
"2021/07/05","1.1861","1.1862","1.1882","1.1851","","-0.03%"
"2021/07/02","1.1864","1.1849","1.1875","1.1806","","0.14%"
"2021/07/01","1.1848","1.1859","1.1885","1.1837","","-0.06%"
"2021/06/30","1.1855","1.1897","1.1910","1.1845","","-0.34%"
"2021/06/29","1.1895","1.1926","1.1932","1.1877","","-0.24%"
"2021/06/28","1.1924","1.1935","1.1946","1.1902","","-0.08%"
"2021/06/25","1.1933","1.1932","1.1976","1.1925","","0.03%"
"2021/06/24","1.1930","1.1927","1.1957","1.1918","","0.04%"
"2021/06/23","1.1925","1.1939","1.1970","1.1911","","-0.11%"
"2021/06/22","1.1938","1.1918","1.1954","1.1881","","0.19%"
"2021/06/21","1.1915","1.1868","1.1922","1.1847","","0.46%"
"2021/06/18","1.1860","1.1908","1.1926","1.1846","","-0.39%"
"2021/06/17","1.1906","1.1996","1.2007","1.1891","","-0.73%"
"2021/06/16","1.1994","1.2127","1.2135","1.1993","","-1.07%"
"2021/06/15","1.2124","1.2120","1.2149","1.2100","","0.05%"
"2021/06/14","1.2118","1.2110","1.2131","1.2093","","0.10%"
"2021/06/11","1.2106","1.2170","1.2196","1.2092","","-0.52%"
"2021/06/10","1.2169","1.2181","1.2195","1.2142","","-0.07%"
"2021/06/09","1.2178","1.2173","1.2219","1.2170","","0.06%"
"2021/06/08","1.2171","1.2190","1.2196","1.2163","","-0.15%"
"2021/06/07","1.2189","1.2168","1.2203","1.2145","","0.20%"
"2021/06/04","1.2165","1.2129","1.2186","1.2104","","0.34%"
"2021/06/03","1.2124","1.2210","1.2217","1.2118","","-0.70%"
"2021/06/02","1.2209","1.2214","1.2227","1.2163","","-0.02%"
"2021/06/01","1.2211","1.2227","1.2255","1.2211","","-0.11%"
"2021/05/31","1.2225","1.2192","1.2233","1.2183","","0.30%"
"2021/05/28","1.2189","1.2195","1.2205","1.2132","","-0.02%"
"2021/05/27","1.2192","1.2192","1.2216","1.2175","","0.02%"
"2021/05/26","1.2190","1.2251","1.2263","1.2182","","-0.49%"
"2021/05/25","1.2250","1.2217","1.2267","1.2211","","0.29%"
"2021/05/24","1.2215","1.2178","1.2230","1.2172","","0.30%"
"2021/05/21","1.2179","1.2228","1.2241","1.2161","","-0.38%"
"2021/05/20","1.2226","1.2171","1.2230","1.2169","","0.44%"
"2021/05/19","1.2172","1.2222","1.2246","1.2160","","-0.39%"
"2021/05/18","1.2220","1.2153","1.2234","1.2151","","0.57%"
"2021/05/17","1.2151","1.2140","1.2170","1.2126","","0.09%"
"2021/05/14","1.2140","1.2080","1.2150","1.2070","","0.51%"
"2021/05/13","1.2078","1.2073","1.2108","1.2050","","0.07%"
"2021/05/12","1.2069","1.2148","1.2153","1.2065","","-0.63%"
"2021/05/11","1.2146","1.2129","1.2182","1.2122","","0.14%"
"2021/05/10","1.2129","1.2161","1.2178","1.2127","","-0.28%"
"2021/05/07","1.2163","1.2066","1.2172","1.2053","","0.82%"
"2021/05/06","1.2064","1.2005","1.2072","1.1992","","0.49%"
"2021/05/05","1.2005","1.2013","1.2027","1.1985","","-0.07%"
"2021/05/04","1.2013","1.2064","1.2066","1.1998","","-0.40%"
"2021/05/03","1.2061","1.2031","1.2076","1.2012","","0.36%"
"2021/04/30","1.2018","1.2116","1.2127","1.2016","","-0.83%"
"2021/04/29","1.2118","1.2126","1.2150","1.2102","","-0.04%"
"2021/04/28","1.2123","1.2091","1.2135","1.2055","","0.27%"
"2021/04/27","1.2090","1.2086","1.2093","1.2056","","0.06%"
"2021/04/26","1.2083","1.2093","1.2118","1.2061","","-0.13%"
"2021/04/23","1.2099","1.2015","1.2100","1.2012","","0.70%"
"2021/04/22","1.2015","1.2035","1.2070","1.1993","","-0.15%"
"2021/04/21","1.2033","1.2037","1.2045","1.1998","","0.00%"
"2021/04/20","1.2033","1.2036","1.2081","1.2022","","0.00%"
"2021/04/19","1.2033","1.1984","1.2049","1.1942","","0.42%"
"2021/04/16","1.1983","1.1967","1.1996","1.1950","","0.15%"
"2021/04/15","1.1965","1.1980","1.1995","1.1955","","-0.11%"
"2021/04/14","1.1978","1.1948","1.1988","1.1947","","0.27%"
"2021/04/13","1.1946","1.1911","1.1956","1.1878","","0.31%"
"2021/04/12","1.1909","1.1891","1.1920","1.1870","","0.11%"
"2021/04/09","1.1896","1.1913","1.1921","1.1867","","-0.13%"
"2021/04/08","1.1912","1.1867","1.1928","1.1861","","0.35%"
"2021/04/07","1.1870","1.1875","1.1916","1.1861","","-0.04%"
"2021/04/06","1.1875","1.1814","1.1878","1.1795","","0.54%"
"2021/04/05","1.1811","1.1761","1.1820","1.1738","","0.42%"
"2021/04/02","1.1762","1.1777","1.1788","1.1748","","-0.11%"
"2021/04/01","1.1775","1.1731","1.1781","1.1712","","0.40%"
"2021/03/31","1.1728","1.1716","1.1760","1.1703","","0.12%"
"2021/03/30","1.1714","1.1764","1.1774","1.1711","","-0.41%"
"2021/03/29","1.1762","1.1795","1.1797","1.1760","","-0.29%"
"2021/03/26","1.1796","1.1763","1.1805","1.1763","","0.27%"
"2021/03/25","1.1764","1.1813","1.1829","1.1761","","-0.41%"
"2021/03/24","1.1812","1.1851","1.1854","1.1809","","-0.31%"
"2021/03/23","1.1849","1.1935","1.1941","1.1841","","-0.69%"
"2021/03/22","1.1931","1.1899","1.1947","1.1871","","0.24%"
"2021/03/19","1.1903","1.1915","1.1939","1.1874","","-0.10%"
"2021/03/18","1.1915","1.1979","1.1990","1.1906","","-0.53%"
"2021/03/17","1.1978","1.1906","1.1986","1.1885","","0.66%"
"2021/03/16","1.1900","1.1929","1.1953","1.1882","","-0.23%"
"2021/03/15","1.1928","1.1952","1.1968","1.1911","","-0.20%"
"2021/03/12","1.1952","1.1983","1.1990","1.1910","","-0.27%"
"2021/03/11","1.1984","1.1928","1.1990","1.1916","","0.49%"
"2021/03/10","1.1925","1.1900","1.1931","1.1868","","0.23%"
"2021/03/09","1.1898","1.1847","1.1917","1.1835","","0.46%"
"2021/03/08","1.1843","1.1922","1.1933","1.1844","","-0.62%"
"2021/03/05","1.1917","1.1968","1.1978","1.1894","","-0.41%"
"2021/03/04","1.1966","1.2063","1.2068","1.1961","","-0.80%"
"2021/03/03","1.2062","1.2091","1.2113","1.2042","","-0.22%"
"2021/03/02","1.2089","1.2049","1.2095","1.1991","","0.35%"
"2021/03/01","1.2047","1.2079","1.2102","1.2027","","-0.22%"
"2021/02/26","1.2074","1.2176","1.2185","1.2062","","-0.84%"
"2021/02/25","1.2176","1.2163","1.2243","1.2155","","0.10%"
"2021/02/24","1.2164","1.2150","1.2176","1.2109","","0.12%"
"2021/02/23","1.2149","1.2155","1.2181","1.2135","","-0.04%"
"2021/02/22","1.2154","1.2117","1.2170","1.2091","","0.31%"
"2021/02/19","1.2117","1.2091","1.2145","1.2082","","0.24%"
"2021/02/18","1.2088","1.2037","1.2096","1.2035","","0.43%"
"2021/02/17","1.2036","1.2107","1.2111","1.2023","","-0.56%"
"2021/02/16","1.2104","1.2130","1.2170","1.2095","","-0.19%"
"2021/02/15","1.2127","1.2123","1.2146","1.2116","","0.07%"
"2021/02/12","1.2118","1.2130","1.2135","1.2081","","-0.08%"
"2021/02/11","1.2128","1.2118","1.2150","1.2112","","0.10%"
"2021/02/10","1.2116","1.2119","1.2145","1.2108","","-0.01%"
"2021/02/09","1.2117","1.2048","1.2122","1.2045","","0.57%"
"2021/02/08","1.2048","1.2042","1.2067","1.2019","","0.05%"
"2021/02/05","1.2042","1.1964","1.2050","1.1952","","0.67%"
"2021/02/04","1.1962","1.2033","1.2043","1.1957","","-0.60%"
"2021/02/03","1.2034","1.2044","1.2050","1.2003","","-0.07%"
"2021/02/02","1.2042","1.2059","1.2089","1.2011","","-0.14%"
"2021/02/01","1.2059","1.2140","1.2146","1.2054","","-0.63%"
"2021/01/29","1.2136","1.2121","1.2156","1.2093","","0.12%"
"2021/01/28","1.2121","1.2109","1.2142","1.2079","","0.11%"
"2021/01/27","1.2108","1.2160","1.2170","1.2057","","-0.43%"
"2021/01/26","1.2160","1.2138","1.2177","1.2107","","0.19%"
"2021/01/25","1.2137","1.2168","1.2184","1.2115","","-0.25%"
"2021/01/22","1.2167","1.2164","1.2191","1.2151","","0.04%"
"2021/01/21","1.2162","1.2106","1.2175","1.2103","","0.48%"
"2021/01/20","1.2104","1.2127","1.2158","1.2076","","-0.20%"
"2021/01/19","1.2128","1.2078","1.2146","1.2074","","0.43%"
"2021/01/18","1.2076","1.2085","1.2091","1.2054","","-0.02%"
"2021/01/15","1.2078","1.2155","1.2163","1.2074","","-0.64%"
"2021/01/14","1.2156","1.2157","1.2179","1.2111","","-0.01%"
"2021/01/13","1.2157","1.2208","1.2224","1.2140","","-0.41%"
"2021/01/12","1.2207","1.2152","1.2211","1.2136","","0.48%"
"2021/01/11","1.2149","1.2217","1.2227","1.2132","","-0.56%"
"2021/01/08","1.2218","1.2273","1.2284","1.2191","","-0.42%"
"2021/01/07","1.2270","1.2327","1.2346","1.2244","","-0.45%"
"2021/01/06","1.2325","1.2296","1.2350","1.2265","","0.25%"
"2021/01/05","1.2294","1.2247","1.2307","1.2246","","0.38%"
"2021/01/04","1.2248","1.2231","1.2310","1.2223","","0.29%"
"2021/01/01","1.2212","1.2216","1.2217","1.2210","","-0.01%"
"2020/12/31","1.2213","1.2298","1.2310","1.2209","","-0.67%"
"2020/12/30","1.2295","1.2248","1.2311","1.2246","","0.39%"
"2020/12/29","1.2247","1.2217","1.2276","1.2207","","0.27%"
"2020/12/28","1.2214","1.2202","1.2251","1.2181","","0.08%"
"2020/12/25","1.2204","1.2186","1.2212","1.2165","","0.15%"
"2020/12/24","1.2186","1.2188","1.2217","1.2177","","0.01%"
"2020/12/23","1.2185","1.2163","1.2221","1.2154","","0.20%"
"2020/12/22","1.2161","1.2244","1.2257","1.2151","","-0.66%"
"2020/12/21","1.2242","1.2242","1.2254","1.2129","","-0.11%"
"2020/12/18","1.2255","1.2268","1.2273","1.2225","","-0.09%"
"2020/12/17","1.2266","1.2199","1.2274","1.2191","","0.57%"
"2020/12/16","1.2197","1.2152","1.2213","1.2125","","0.38%"
"2020/12/15","1.2151","1.2143","1.2170","1.2121","","0.07%"
"2020/12/14","1.2143","1.2131","1.2177","1.2115","","0.26%"
"2020/12/11","1.2111","1.2137","1.2163","1.2105","","-0.21%"
"2020/12/10","1.2136","1.2083","1.2160","1.2075","","0.46%"
"2020/12/09","1.2081","1.2103","1.2148","1.2059","","-0.17%"
"2020/12/08","1.2101","1.2109","1.2134","1.2095","","-0.06%"
"2020/12/07","1.2108","1.2128","1.2167","1.2078","","-0.10%"
"2020/12/04","1.2120","1.2142","1.2178","1.2110","","-0.16%"
"2020/12/03","1.2140","1.2115","1.2177","1.2100","","0.21%"
"2020/12/02","1.2115","1.2070","1.2119","1.2040","","0.37%"
"2020/12/01","1.2070","1.1928","1.2077","1.1926","","1.19%"
"2020/11/30","1.1928","1.1957","1.2004","1.1924","","-0.28%"
"2020/11/27","1.1962","1.1914","1.1965","1.1907","","0.41%"
"2020/11/26","1.1913","1.1916","1.1941","1.1884","","0.00%"
"2020/11/25","1.1913","1.1891","1.1931","1.1882","","0.21%"
"2020/11/24","1.1888","1.1842","1.1897","1.1837","","0.41%"
"2020/11/23","1.1840","1.1853","1.1906","1.1800","","-0.11%"
"2020/11/20","1.1853","1.1875","1.1891","1.1849","","-0.17%"
"2020/11/19","1.1873","1.1853","1.1883","1.1816","","0.18%"
"2020/11/18","1.1852","1.1863","1.1892","1.1848","","-0.08%"
"2020/11/17","1.1861","1.1852","1.1895","1.1842","","0.07%"
"2020/11/16","1.1853","1.1829","1.1869","1.1813","","0.18%"
"2020/11/13","1.1832","1.1805","1.1838","1.1798","","0.24%"
"2020/11/12","1.1804","1.1777","1.1824","1.1758","","0.23%"
"2020/11/11","1.1777","1.1810","1.1834","1.1745","","-0.31%"
"2020/11/10","1.1814","1.1812","1.1844","1.1780","","0.01%"
"2020/11/09","1.1813","1.1882","1.1920","1.1795","","-0.50%"
"2020/11/06","1.1872","1.1826","1.1891","1.1795","","0.43%"
"2020/11/05","1.1821","1.1725","1.1861","1.1710","","0.84%"
"2020/11/04","1.1722","1.1715","1.1770","1.1603","","0.09%"
"2020/11/03","1.1711","1.1640","1.1740","1.1633","","0.61%"
"2020/11/02","1.1640","1.1658","1.1658","1.1622","","-0.06%"
"2020/10/30","1.1647","1.1674","1.1705","1.1639","","-0.23%"
"2020/10/29","1.1674","1.1746","1.1760","1.1650","","-0.60%"
"2020/10/28","1.1744","1.1796","1.1798","1.1717","","-0.43%"
"2020/10/27","1.1795","1.1810","1.1839","1.1793","","-0.11%"
"2020/10/26","1.1808","1.1858","1.1861","1.1803","","-0.43%"
"2020/10/23","1.1859","1.1819","1.1866","1.1787","","0.36%"
"2020/10/22","1.1816","1.1862","1.1868","1.1811","","-0.38%"
"2020/10/21","1.1861","1.1822","1.1882","1.1821","","0.34%"
"2020/10/20","1.1821","1.1769","1.1841","1.1760","","0.47%"
"2020/10/19","1.1766","1.1722","1.1795","1.1703","","0.41%"
"2020/10/16","1.1718","1.1708","1.1746","1.1694","","0.10%"
"2020/10/15","1.1706","1.1747","1.1760","1.1688","","-0.34%"
"2020/10/14","1.1746","1.1746","1.1772","1.1719","","0.02%"
"2020/10/13","1.1744","1.1813","1.1817","1.1731","","-0.58%"
"2020/10/12","1.1813","1.1819","1.1827","1.1786","","-0.09%"
"2020/10/09","1.1824","1.1759","1.1832","1.1753","","0.56%"
"2020/10/08","1.1758","1.1762","1.1782","1.1732","","-0.02%"
"2020/10/07","1.1760","1.1735","1.1783","1.1724","","0.22%"
"2020/10/06","1.1734","1.1782","1.1809","1.1731","","-0.40%"
"2020/10/05","1.1781","1.1716","1.1798","1.1707","","0.58%"
"2020/10/02","1.1713","1.1748","1.1751","1.1695","","-0.29%"
"2020/10/01","1.1747","1.1719","1.1770","1.1717","","0.25%"
"2020/09/30","1.1718","1.1743","1.1756","1.1684","","-0.20%"
"2020/09/29","1.1742","1.1666","1.1746","1.1660","","0.67%"
"2020/09/28","1.1664","1.1638","1.1679","1.1615","","0.29%"
"2020/09/25","1.1630","1.1671","1.1686","1.1612","","-0.36%"
"2020/09/24","1.1672","1.1660","1.1688","1.1626","","0.11%"
"2020/09/23","1.1659","1.1708","1.1719","1.1651","","-0.40%"
"2020/09/22","1.1706","1.1770","1.1774","1.1691","","-0.54%"
"2020/09/21","1.1769","1.1848","1.1873","1.1731","","-0.57%"
"2020/09/18","1.1837","1.1848","1.1871","1.1826","","-0.08%"
"2020/09/17","1.1847","1.1816","1.1854","1.1737","","0.28%"
"2020/09/16","1.1814","1.1850","1.1883","1.1787","","-0.26%"
"2020/09/15","1.1845","1.1865","1.1901","1.1839","","-0.19%"
"2020/09/14","1.1868","1.1840","1.1889","1.1830","","0.19%"
"2020/09/11","1.1845","1.1814","1.1875","1.1812","","0.27%"
"2020/09/10","1.1813","1.1801","1.1918","1.1800","","0.09%"
"2020/09/09","1.1802","1.1777","1.1834","1.1753","","0.20%"
"2020/09/08","1.1779","1.1817","1.1829","1.1765","","-0.32%"
"2020/09/07","1.1817","1.1833","1.1849","1.1811","","-0.18%"
"2020/09/04","1.1838","1.1850","1.1866","1.1781","","-0.09%"
"2020/09/03","1.1849","1.1852","1.1866","1.1789","","-0.03%"
"2020/09/02","1.1853","1.1911","1.1931","1.1822","","-0.48%"
"2020/09/01","1.1910","1.1936","1.2012","1.1901","","-0.22%"
"2020/08/31","1.1936","1.1899","1.1967","1.1883","","0.28%"
"2020/08/28","1.1903","1.1822","1.1920","1.1810","","0.69%"
"2020/08/27","1.1821","1.1831","1.1902","1.1762","","-0.07%"
"2020/08/26","1.1829","1.1834","1.1841","1.1772","","-0.03%"
"2020/08/25","1.1833","1.1793","1.1845","1.1783","","0.39%"
"2020/08/24","1.1787","1.1787","1.1851","1.1783","","-0.07%"
"2020/08/21","1.1795","1.1860","1.1883","1.1754","","-0.54%"
"2020/08/20","1.1859","1.1839","1.1869","1.1802","","0.19%"
"2020/08/19","1.1836","1.1931","1.1954","1.1830","","-0.78%"
"2020/08/18","1.1929","1.1870","1.1967","1.1865","","0.51%"
"2020/08/17","1.1869","1.1840","1.1882","1.1829","","0.24%"
"2020/08/14","1.1841","1.1815","1.1852","1.1782","","0.25%"
"2020/08/13","1.1812","1.1786","1.1865","1.1781","","0.25%"
"2020/08/12","1.1782","1.1740","1.1816","1.1710","","0.37%"
"2020/08/11","1.1739","1.1738","1.1808","1.1722","","0.03%"
"2020/08/10","1.1736","1.1788","1.1803","1.1736","","-0.42%"
"2020/08/07","1.1786","1.1877","1.1884","1.1755","","-0.75%"
"2020/08/06","1.1875","1.1863","1.1917","1.1818","","0.12%"
"2020/08/05","1.1861","1.1802","1.1906","1.1793","","0.52%"
"2020/08/04","1.1800","1.1765","1.1807","1.1720","","0.33%"
"2020/08/03","1.1761","1.1783","1.1797","1.1696","","-0.11%"
"2020/07/31","1.1774","1.1846","1.1910","1.1760","","-0.61%"
"2020/07/30","1.1846","1.1788","1.1849","1.1731","","0.47%"
"2020/07/29","1.1790","1.1718","1.1807","1.1714","","0.65%"
"2020/07/28","1.1714","1.1753","1.1774","1.1698","","-0.31%"
"2020/07/27","1.1751","1.1646","1.1782","1.1637","","0.83%"
"2020/07/24","1.1654","1.1597","1.1659","1.1580","","0.52%"
"2020/07/23","1.1594","1.1575","1.1628","1.1539","","0.22%"
"2020/07/22","1.1568","1.1528","1.1602","1.1507","","0.36%"
"2020/07/21","1.1526","1.1447","1.1540","1.1422","","0.72%"
"2020/07/20","1.1444","1.1410","1.1468","1.1401","","0.16%"
"2020/07/17","1.1426","1.1384","1.1444","1.1377","","0.38%"
"2020/07/16","1.1383","1.1411","1.1443","1.1370","","-0.24%"
"2020/07/15","1.1410","1.1400","1.1452","1.1391","","0.12%"
"2020/07/14","1.1396","1.1343","1.1409","1.1324","","0.49%"
"2020/07/13","1.1340","1.1300","1.1375","1.1297","","0.37%"
"2020/07/10","1.1298","1.1285","1.1326","1.1255","","0.15%"
"2020/07/09","1.1281","1.1329","1.1372","1.1279","","-0.42%"
"2020/07/08","1.1329","1.1273","1.1352","1.1262","","0.52%"
"2020/07/07","1.1270","1.1308","1.1334","1.1258","","-0.34%"
"2020/07/06","1.1308","1.1242","1.1346","1.1240","","0.53%"
"2020/07/03","1.1248","1.1239","1.1254","1.1219","","0.09%"
"2020/07/02","1.1238","1.1252","1.1303","1.1222","","-0.11%"
"2020/07/01","1.1250","1.1233","1.1276","1.1185","","0.17%"
"2020/06/30","1.1231","1.1242","1.1263","1.1191","","-0.08%"
"2020/06/29","1.1240","1.1227","1.1289","1.1216","","0.21%"
"2020/06/26","1.1217","1.1218","1.1241","1.1194","","0.00%"
"2020/06/25","1.1217","1.1251","1.1261","1.1190","","-0.29%"
"2020/06/24","1.1250","1.1308","1.1327","1.1248","","-0.50%"
"2020/06/23","1.1306","1.1259","1.1350","1.1233","","0.43%"
"2020/06/22","1.1258","1.1185","1.1271","1.1168","","0.74%"
"2020/06/19","1.1175","1.1205","1.1255","1.1168","","-0.24%"
"2020/06/18","1.1202","1.1244","1.1264","1.1185","","-0.36%"
"2020/06/17","1.1243","1.1264","1.1295","1.1207","","-0.18%"
"2020/06/16","1.1263","1.1325","1.1353","1.1228","","-0.52%"
"2020/06/15","1.1322","1.1245","1.1334","1.1226","","0.60%"
"2020/06/12","1.1254","1.1299","1.1341","1.1212","","-0.38%"
"2020/06/11","1.1297","1.1373","1.1404","1.1287","","-0.63%"
"2020/06/10","1.1369","1.1340","1.1423","1.1322","","0.26%"
"2020/06/09","1.1340","1.1297","1.1365","1.1241","","0.43%"
"2020/06/08","1.1292","1.1289","1.1321","1.1267","","0.07%"
"2020/06/05","1.1284","1.1337","1.1385","1.1278","","-0.46%"
"2020/06/04","1.1336","1.1234","1.1363","1.1194","","0.93%"
"2020/06/03","1.1232","1.1172","1.1257","1.1166","","0.56%"
"2020/06/02","1.1169","1.1137","1.1197","1.1114","","0.31%"
"2020/06/01","1.1134","1.1097","1.1155","1.1095","","0.32%"
"2020/05/29","1.1098","1.1078","1.1146","1.1070","","0.20%"
"2020/05/28","1.1076","1.1005","1.1094","1.0991","","0.66%"
"2020/05/27","1.1003","1.0983","1.1032","1.0934","","0.21%"
"2020/05/26","1.0980","1.0899","1.0997","1.0891","","0.74%"
"2020/05/25","1.0899","1.0903","1.0915","1.0870","","-0.01%"
"2020/05/22","1.0900","1.0949","1.0961","1.0885","","-0.45%"
"2020/05/21","1.0949","1.0979","1.1010","1.0936","","-0.26%"
"2020/05/20","1.0977","1.0928","1.1000","1.0918","","0.51%"
"2020/05/19","1.0921","1.0913","1.0977","1.0901","","0.08%"
"2020/05/18","1.0912","1.0816","1.0927","1.0799","","0.90%"
"2020/05/15","1.0815","1.0805","1.0851","1.0789","","0.10%"
"2020/05/14","1.0804","1.0819","1.0826","1.0775","","-0.11%"
"2020/05/13","1.0816","1.0848","1.0897","1.0811","","-0.28%"
"2020/05/12","1.0846","1.0807","1.0885","1.0784","","0.37%"
"2020/05/11","1.0806","1.0838","1.0851","1.0800","","-0.31%"
"2020/05/08","1.0840","1.0833","1.0876","1.0814","","0.07%"
"2020/05/07","1.0832","1.0795","1.0835","1.0766","","0.35%"
"2020/05/06","1.0794","1.0836","1.0848","1.0782","","-0.41%"
"2020/05/05","1.0838","1.0907","1.0927","1.0826","","-0.62%"
"2020/05/04","1.0906","1.0980","1.0980","1.0895","","-0.70%"
"2020/05/01","1.0983","1.0956","1.1019","1.0934","","0.26%"
"2020/04/30","1.0955","1.0872","1.0973","1.0833","","0.75%"
"2020/04/29","1.0873","1.0819","1.0886","1.0818","","0.51%"
"2020/04/28","1.0818","1.0829","1.0890","1.0810","","-0.09%"
"2020/04/27","1.0828","1.0809","1.0862","1.0808","","0.07%"
"2020/04/24","1.0820","1.0778","1.0831","1.0726","","0.41%"
"2020/04/23","1.0776","1.0824","1.0848","1.0755","","-0.43%"
"2020/04/22","1.0822","1.0857","1.0886","1.0802","","-0.31%"
"2020/04/21","1.0856","1.0862","1.0882","1.0816","","-0.06%"
"2020/04/20","1.0862","1.0875","1.0898","1.0841","","-0.13%"
"2020/04/17","1.0876","1.0835","1.0893","1.0812","","0.38%"
"2020/04/16","1.0835","1.0911","1.0913","1.0817","","-0.66%"
"2020/04/15","1.0907","1.0980","1.0991","1.0856","","-0.66%"
"2020/04/14","1.0979","1.0914","1.0988","1.0904","","0.60%"
"2020/04/13","1.0913","1.0941","1.0969","1.0892","","-0.20%"
"2020/04/10","1.0935","1.0930","1.0953","1.0919","","0.07%"
"2020/04/09","1.0927","1.0857","1.0953","1.0841","","0.65%"
"2020/04/08","1.0856","1.0891","1.0904","1.0829","","-0.30%"
"2020/04/07","1.0889","1.0793","1.0926","1.0783","","0.91%"
"2020/04/06","1.0791","1.0813","1.0835","1.0768","","-0.16%"
"2020/04/03","1.0808","1.0858","1.0865","1.0773","","-0.44%"
"2020/04/02","1.0856","1.0964","1.0970","1.0820","","-0.97%"
"2020/04/01","1.0962","1.1031","1.1040","1.0903","","-0.61%"
"2020/03/31","1.1029","1.1049","1.1056","1.0926","","-0.15%"
"2020/03/30","1.1046","1.1136","1.1145","1.1010","","-0.84%"
"2020/03/27","1.1140","1.1030","1.1148","1.0953","","1.02%"
"2020/03/26","1.1028","1.0881","1.1059","1.0869","","1.36%"
"2020/03/25","1.0880","1.0789","1.0895","1.0761","","0.86%"
"2020/03/24","1.0787","1.0726","1.0889","1.0722","","0.62%"
"2020/03/23","1.0721","1.0696","1.0828","1.0637","","0.25%"
"2020/03/20","1.0694","1.0691","1.0832","1.0637","","0.04%"
"2020/03/19","1.0690","1.0915","1.0982","1.0654","","-2.04%"
"2020/03/18","1.0913","1.0997","1.1046","1.0802","","-0.75%"
"2020/03/17","1.0996","1.1183","1.1190","1.0955","","-1.65%"
"2020/03/16","1.1181","1.1085","1.1237","1.1046","","0.68%"
"2020/03/13","1.1105","1.1185","1.1222","1.1054","","-0.70%"
"2020/03/12","1.1183","1.1269","1.1334","1.1055","","-0.75%"
"2020/03/11","1.1267","1.1280","1.1367","1.1257","","-0.11%"
"2020/03/10","1.1279","1.1446","1.1459","1.1274","","-1.47%"
"2020/03/09","1.1447","1.1292","1.1494","1.1284","","1.44%"
"2020/03/06","1.1285","1.1238","1.1356","1.1212","","0.41%"
"2020/03/05","1.1239","1.1136","1.1245","1.1119","","0.94%"
"2020/03/04","1.1134","1.1172","1.1187","1.1094","","-0.33%"
"2020/03/03","1.1171","1.1133","1.1214","1.1095","","0.35%"
"2020/03/02","1.1132","1.1003","1.1186","1.1003","","0.97%"
"2020/02/28","1.1025","1.1001","1.1054","1.0950","","0.25%"
"2020/02/27","1.0998","1.0881","1.1006","1.0878","","1.09%"
"2020/02/26","1.0879","1.0881","1.0910","1.0855","","0.00%"
"2020/02/25","1.0879","1.0854","1.0891","1.0829","","0.25%"
"2020/02/24","1.0852","1.0841","1.0872","1.0805","","0.08%"
"2020/02/21","1.0843","1.0785","1.0864","1.0783","","0.56%"
"2020/02/20","1.0783","1.0806","1.0821","1.0776","","-0.19%"
"2020/02/19","1.0804","1.0791","1.0812","1.0782","","0.12%"
"2020/02/18","1.0791","1.0838","1.0839","1.0785","","-0.40%"
"2020/02/17","1.0834","1.0832","1.0852","1.0821","","0.04%"
"2020/02/14","1.0830","1.0841","1.0862","1.0827","","-0.09%"
"2020/02/13","1.0840","1.0874","1.0890","1.0833","","-0.29%"
"2020/02/12","1.0871","1.0916","1.0927","1.0864","","-0.39%"
"2020/02/11","1.0914","1.0911","1.0926","1.0891","","0.05%"
"2020/02/10","1.0909","1.0951","1.0958","1.0907","","-0.31%"
"2020/02/07","1.0943","1.0983","1.0986","1.0941","","-0.34%"
"2020/02/06","1.0980","1.0999","1.1014","1.0964","","-0.15%"
"2020/02/05","1.0997","1.1044","1.1049","1.0993","","-0.41%"
"2020/02/04","1.1042","1.1059","1.1065","1.1033","","-0.14%"
"2020/02/03","1.1058","1.1092","1.1096","1.1035","","-0.32%"
"2020/01/31","1.1093","1.1032","1.1097","1.1016","","0.57%"
"2020/01/30","1.1030","1.1010","1.1040","1.1006","","0.19%"
"2020/01/29","1.1009","1.1022","1.1028","1.0991","","-0.10%"
"2020/01/28","1.1020","1.1019","1.1026","1.0998","","0.04%"
"2020/01/27","1.1016","1.1021","1.1039","1.1009","","-0.06%"
"2020/01/24","1.1023","1.1055","1.1063","1.1020","","-0.26%"
"2020/01/23","1.1052","1.1092","1.1109","1.1036","","-0.35%"
"2020/01/22","1.1091","1.1084","1.1099","1.1070","","0.08%"
"2020/01/21","1.1082","1.1095","1.1119","1.1080","","-0.11%"
"2020/01/20","1.1094","1.1092","1.1104","1.1076","","0.05%"
"2020/01/17","1.1088","1.1136","1.1143","1.1085","","-0.42%"
"2020/01/16","1.1135","1.1151","1.1173","1.1128","","-0.13%"
"2020/01/15","1.1149","1.1130","1.1164","1.1118","","0.20%"
"2020/01/14","1.1127","1.1135","1.1145","1.1104","","-0.05%"
"2020/01/13","1.1133","1.1125","1.1148","1.1112","","0.12%"
"2020/01/10","1.1120","1.1106","1.1130","1.1085","","0.14%"
"2020/01/09","1.1105","1.1106","1.1121","1.1092","","0.02%"
"2020/01/08","1.1103","1.1154","1.1169","1.1101","","-0.43%"
"2020/01/07","1.1151","1.1198","1.1198","1.1133","","-0.38%"
"2020/01/06","1.1193","1.1168","1.1207","1.1155","","0.31%"
"2020/01/03","1.1158","1.1172","1.1181","1.1125","","-0.11%"
"2020/01/02","1.1170","1.1212","1.1227","1.1163","","-0.36%"
"2020/01/01","1.1210","1.1213","1.1223","1.1205","","0.00%"